"file","level","scale","alpha"
"human_normal","facet","Sociability","0.874981998513825"
"human_normal","facet","Assertiveness","0.8098460444039"
"human_normal","facet","Energy_Level","0.732269757672385"
"human_normal","facet","Compassion","0.666827927257138"
"human_normal","facet","Respectfulness","0.7363436903273"
"human_normal","facet","Trust","0.795294212696885"
"human_normal","facet","Organization","0.866066040719621"
"human_normal","facet","Productiveness","0.801029882948512"
"human_normal","facet","Responsibility","0.769138254000115"
"human_normal","facet","Anxiety","0.839661279616479"
"human_normal","facet","Depression","0.860848734556763"
"human_normal","facet","Emotional_Volatility","0.885521673586179"
"human_normal","facet","Intellectual_Curiosity","0.74898811556971"
"human_normal","facet","Aesthetic_Sensitivity","0.829958282021598"
"human_normal","facet","Creative_Imagination","0.823612705576226"
"human_normal","domain","Extraversion","0.872417479700358"
"human_normal","domain","Agreeableness","0.848482826161872"
"human_normal","domain","Conscientiousness","0.904284659925553"
"human_normal","domain","Neuroticism","0.935053699159032"
"human_normal","domain","Openness","0.887197887962433"
"persona_Gemma2_9b_zero_shot","facet","Sociability","0.821925558967846"
"persona_Gemma2_9b_zero_shot","facet","Assertiveness","0.709472818459476"
"persona_Gemma2_9b_zero_shot","facet","Energy_Level","0.786346037190423"
"persona_Gemma2_9b_zero_shot","facet","Compassion","0.861246085735882"
"persona_Gemma2_9b_zero_shot","facet","Respectfulness","0.784934708241113"
"persona_Gemma2_9b_zero_shot","facet","Trust","0.685262364595534"
"persona_Gemma2_9b_zero_shot","facet","Organization","0.746829020801623"
"persona_Gemma2_9b_zero_shot","facet","Productiveness","0.784973778782899"
"persona_Gemma2_9b_zero_shot","facet","Responsibility","0.804029055420395"
"persona_Gemma2_9b_zero_shot","facet","Anxiety","0.854023326472606"
"persona_Gemma2_9b_zero_shot","facet","Depression","0.801999108843555"
"persona_Gemma2_9b_zero_shot","facet","Emotional_Volatility","0.804348177649579"
"persona_Gemma2_9b_zero_shot","facet","Intellectual_Curiosity","0.597691735573347"
"persona_Gemma2_9b_zero_shot","facet","Aesthetic_Sensitivity","0.683417957296805"
"persona_Gemma2_9b_zero_shot","facet","Creative_Imagination","0.557639044838685"
"persona_Gemma2_9b_zero_shot","domain","Extraversion","0.878443453069254"
"persona_Gemma2_9b_zero_shot","domain","Agreeableness","0.90777882395704"
"persona_Gemma2_9b_zero_shot","domain","Conscientiousness","0.890425316113327"
"persona_Gemma2_9b_zero_shot","domain","Neuroticism","0.912080318334864"
"persona_Gemma2_9b_zero_shot","domain","Openness","0.79500592152663"
"persona_Gemma2_27b_zero_shot","facet","Sociability","0.826874383981041"
"persona_Gemma2_27b_zero_shot","facet","Assertiveness","0.768687443724027"
"persona_Gemma2_27b_zero_shot","facet","Energy_Level","0.877802230320362"
"persona_Gemma2_27b_zero_shot","facet","Compassion","0.836584089384376"
"persona_Gemma2_27b_zero_shot","facet","Respectfulness","0.790876711979245"
"persona_Gemma2_27b_zero_shot","facet","Trust","0.827738228044147"
"persona_Gemma2_27b_zero_shot","facet","Organization","0.767498662997009"
"persona_Gemma2_27b_zero_shot","facet","Productiveness","0.840282759445241"
"persona_Gemma2_27b_zero_shot","facet","Responsibility","0.862679407907064"
"persona_Gemma2_27b_zero_shot","facet","Anxiety","0.738158810835801"
"persona_Gemma2_27b_zero_shot","facet","Depression","0.828021651663841"
"persona_Gemma2_27b_zero_shot","facet","Emotional_Volatility","0.830669822894005"
"persona_Gemma2_27b_zero_shot","facet","Intellectual_Curiosity","0.751562404576268"
"persona_Gemma2_27b_zero_shot","facet","Aesthetic_Sensitivity","0.825144164267132"
"persona_Gemma2_27b_zero_shot","facet","Creative_Imagination","0.802658857507542"
"persona_Gemma2_27b_zero_shot","domain","Extraversion","0.916658507713764"
"persona_Gemma2_27b_zero_shot","domain","Agreeableness","0.929981493509807"
"persona_Gemma2_27b_zero_shot","domain","Conscientiousness","0.923210674865223"
"persona_Gemma2_27b_zero_shot","domain","Neuroticism","0.900181643216019"
"persona_Gemma2_27b_zero_shot","domain","Openness","0.888811182444707"
"persona_GPT4o_mini_zero_shot","facet","Sociability","0.839010180477694"
"persona_GPT4o_mini_zero_shot","facet","Assertiveness","0.847262969419524"
"persona_GPT4o_mini_zero_shot","facet","Energy_Level","0.882379229362185"
"persona_GPT4o_mini_zero_shot","facet","Compassion","0.855241649497347"
"persona_GPT4o_mini_zero_shot","facet","Respectfulness","0.797929644007102"
"persona_GPT4o_mini_zero_shot","facet","Trust","0.809076991500921"
"persona_GPT4o_mini_zero_shot","facet","Organization","0.842658948626797"
"persona_GPT4o_mini_zero_shot","facet","Productiveness","0.872728669048461"
"persona_GPT4o_mini_zero_shot","facet","Responsibility","0.888020518317192"
"persona_GPT4o_mini_zero_shot","facet","Anxiety","0.755051662297826"
"persona_GPT4o_mini_zero_shot","facet","Depression","0.856555215694547"
"persona_GPT4o_mini_zero_shot","facet","Emotional_Volatility","0.83638471187894"
"persona_GPT4o_mini_zero_shot","facet","Intellectual_Curiosity","0.774724215043756"
"persona_GPT4o_mini_zero_shot","facet","Aesthetic_Sensitivity","0.871357169635461"
"persona_GPT4o_mini_zero_shot","facet","Creative_Imagination","0.823099632797925"
"persona_GPT4o_mini_zero_shot","domain","Extraversion","0.931226809039039"
"persona_GPT4o_mini_zero_shot","domain","Agreeableness","0.931867892095257"
"persona_GPT4o_mini_zero_shot","domain","Conscientiousness","0.942698509817664"
"persona_GPT4o_mini_zero_shot","domain","Neuroticism","0.912581048811836"
"persona_GPT4o_mini_zero_shot","domain","Openness","0.908969590000176"
"persona_GPT4o_zero_shot","facet","Sociability","0.852192089120611"
"persona_GPT4o_zero_shot","facet","Assertiveness","0.742982193251917"
"persona_GPT4o_zero_shot","facet","Energy_Level","0.860082452289064"
"persona_GPT4o_zero_shot","facet","Compassion","0.838260659791327"
"persona_GPT4o_zero_shot","facet","Respectfulness","0.788214077536084"
"persona_GPT4o_zero_shot","facet","Trust","0.642304036075801"
"persona_GPT4o_zero_shot","facet","Organization","0.731132171077967"
"persona_GPT4o_zero_shot","facet","Productiveness","0.802226969638117"
"persona_GPT4o_zero_shot","facet","Responsibility","0.670615219347908"
"persona_GPT4o_zero_shot","facet","Anxiety","0.650436368560949"
"persona_GPT4o_zero_shot","facet","Depression","0.659964599186146"
"persona_GPT4o_zero_shot","facet","Emotional_Volatility","0.602984947433193"
"persona_GPT4o_zero_shot","facet","Intellectual_Curiosity","0.815106152102267"
"persona_GPT4o_zero_shot","facet","Aesthetic_Sensitivity","0.871818417478043"
"persona_GPT4o_zero_shot","facet","Creative_Imagination","0.802106579488004"
"persona_GPT4o_zero_shot","domain","Extraversion","0.902259111900481"
"persona_GPT4o_zero_shot","domain","Agreeableness","0.895669413539094"
"persona_GPT4o_zero_shot","domain","Conscientiousness","0.880960621633988"
"persona_GPT4o_zero_shot","domain","Neuroticism","0.827677042022852"
"persona_GPT4o_zero_shot","domain","Openness","0.910756907203855"
"persona_Llama3_8b_zero_shot","facet","Sociability","0.436918976854668"
"persona_Llama3_8b_zero_shot","facet","Assertiveness","0.0141231925942852"
"persona_Llama3_8b_zero_shot","facet","Energy_Level","0.130157303370786"
"persona_Llama3_8b_zero_shot","facet","Compassion","0.53793993993994"
"persona_Llama3_8b_zero_shot","facet","Respectfulness","0.435854983733841"
"persona_Llama3_8b_zero_shot","facet","Trust","0.359489116747616"
"persona_Llama3_8b_zero_shot","facet","Organization","0.0358377036202455"
"persona_Llama3_8b_zero_shot","facet","Productiveness","0.0282200697706146"
"persona_Llama3_8b_zero_shot","facet","Responsibility","0.310999114942765"
"persona_Llama3_8b_zero_shot","facet","Anxiety","-0.167306382849535"
"persona_Llama3_8b_zero_shot","facet","Depression","0.403437422384791"
"persona_Llama3_8b_zero_shot","facet","Emotional_Volatility","0.191727988500302"
"persona_Llama3_8b_zero_shot","facet","Intellectual_Curiosity","0.185229691414748"
"persona_Llama3_8b_zero_shot","facet","Aesthetic_Sensitivity","0.265605677254712"
"persona_Llama3_8b_zero_shot","facet","Creative_Imagination","0.160441366268041"
"persona_Llama3_8b_zero_shot","domain","Extraversion","0.589772127670028"
"persona_Llama3_8b_zero_shot","domain","Agreeableness","0.775658210627401"
"persona_Llama3_8b_zero_shot","domain","Conscientiousness","0.550638807167816"
"persona_Llama3_8b_zero_shot","domain","Neuroticism","0.592461111828212"
"persona_Llama3_8b_zero_shot","domain","Openness","0.547853403141361"
"persona_Llama3_70b_zero_shot","facet","Sociability","0.861734428957208"
"persona_Llama3_70b_zero_shot","facet","Assertiveness","0.796000352821214"
"persona_Llama3_70b_zero_shot","facet","Energy_Level","0.857031922083374"
"persona_Llama3_70b_zero_shot","facet","Compassion","0.865253426405669"
"persona_Llama3_70b_zero_shot","facet","Respectfulness","0.849160060544117"
"persona_Llama3_70b_zero_shot","facet","Trust","0.793221864294115"
"persona_Llama3_70b_zero_shot","facet","Organization","0.804872554817906"
"persona_Llama3_70b_zero_shot","facet","Productiveness","0.848948950903922"
"persona_Llama3_70b_zero_shot","facet","Responsibility","0.879328163788216"
"persona_Llama3_70b_zero_shot","facet","Anxiety","0.812472962104687"
"persona_Llama3_70b_zero_shot","facet","Depression","0.882761186690318"
"persona_Llama3_70b_zero_shot","facet","Emotional_Volatility","0.889268771145364"
"persona_Llama3_70b_zero_shot","facet","Intellectual_Curiosity","0.848627154859579"
"persona_Llama3_70b_zero_shot","facet","Aesthetic_Sensitivity","0.828383037479737"
"persona_Llama3_70b_zero_shot","facet","Creative_Imagination","0.822037722382073"
"persona_Llama3_70b_zero_shot","domain","Extraversion","0.92688588391664"
"persona_Llama3_70b_zero_shot","domain","Agreeableness","0.937124449062205"
"persona_Llama3_70b_zero_shot","domain","Conscientiousness","0.929516426941734"
"persona_Llama3_70b_zero_shot","domain","Neuroticism","0.931332726451058"
"persona_Llama3_70b_zero_shot","domain","Openness","0.894547996329817"
"persona_Mistral_7b_zero_shot","facet","Sociability","0.681769504768471"
"persona_Mistral_7b_zero_shot","facet","Assertiveness","0.548883003474714"
"persona_Mistral_7b_zero_shot","facet","Energy_Level","0.778188070701677"
"persona_Mistral_7b_zero_shot","facet","Compassion","0.55704080031501"
"persona_Mistral_7b_zero_shot","facet","Respectfulness","0.782049818335673"
"persona_Mistral_7b_zero_shot","facet","Trust","0.610587998157107"
"persona_Mistral_7b_zero_shot","facet","Organization","0.581558230100379"
"persona_Mistral_7b_zero_shot","facet","Productiveness","0.770272022551092"
"persona_Mistral_7b_zero_shot","facet","Responsibility","0.83022482318118"
"persona_Mistral_7b_zero_shot","facet","Anxiety","0.538748675094856"
"persona_Mistral_7b_zero_shot","facet","Depression","0.644548956635712"
"persona_Mistral_7b_zero_shot","facet","Emotional_Volatility","0.609352032372683"
"persona_Mistral_7b_zero_shot","facet","Intellectual_Curiosity","0.687617440225035"
"persona_Mistral_7b_zero_shot","facet","Aesthetic_Sensitivity","0.595212451361868"
"persona_Mistral_7b_zero_shot","facet","Creative_Imagination","0.623902510676029"
"persona_Mistral_7b_zero_shot","domain","Extraversion","0.83340356944823"
"persona_Mistral_7b_zero_shot","domain","Agreeableness","0.834318997976601"
"persona_Mistral_7b_zero_shot","domain","Conscientiousness","0.879877788577259"
"persona_Mistral_7b_zero_shot","domain","Neuroticism","0.788037787959083"
"persona_Mistral_7b_zero_shot","domain","Openness","0.791222761305921"
"psi_Gemma2_9b_zero_shot","facet","Sociability","0.856928420658245"
"psi_Gemma2_9b_zero_shot","facet","Assertiveness","0.673253591039119"
"psi_Gemma2_9b_zero_shot","facet","Energy_Level","0.466751861384594"
"psi_Gemma2_9b_zero_shot","facet","Compassion","0.843017828099354"
"psi_Gemma2_9b_zero_shot","facet","Respectfulness","0.664588841267495"
"psi_Gemma2_9b_zero_shot","facet","Trust","0.635674868136224"
"psi_Gemma2_9b_zero_shot","facet","Organization","0.380519705565475"
"psi_Gemma2_9b_zero_shot","facet","Productiveness","0.719310690379278"
"psi_Gemma2_9b_zero_shot","facet","Responsibility","0.820930307627748"
"psi_Gemma2_9b_zero_shot","facet","Anxiety","0.792087876096719"
"psi_Gemma2_9b_zero_shot","facet","Depression","0.842473963042905"
"psi_Gemma2_9b_zero_shot","facet","Emotional_Volatility","0.746399248973036"
"psi_Gemma2_9b_zero_shot","facet","Intellectual_Curiosity","0.703888439474044"
"psi_Gemma2_9b_zero_shot","facet","Aesthetic_Sensitivity","0.0448596989404903"
"psi_Gemma2_9b_zero_shot","facet","Creative_Imagination","0.438967417999236"
"psi_Gemma2_9b_zero_shot","domain","Extraversion","0.852835038546307"
"psi_Gemma2_9b_zero_shot","domain","Agreeableness","0.882817028304551"
"psi_Gemma2_9b_zero_shot","domain","Conscientiousness","0.858193202918284"
"psi_Gemma2_9b_zero_shot","domain","Neuroticism","0.906951607244461"
"psi_Gemma2_9b_zero_shot","domain","Openness","0.703328608018427"
"psi_Gemma2_27b_zero_shot","facet","Sociability","0.881185135882959"
"psi_Gemma2_27b_zero_shot","facet","Assertiveness","0.618101973636926"
"psi_Gemma2_27b_zero_shot","facet","Energy_Level","0.830645835073941"
"psi_Gemma2_27b_zero_shot","facet","Compassion","0.848147674705112"
"psi_Gemma2_27b_zero_shot","facet","Respectfulness","0.832224458074828"
"psi_Gemma2_27b_zero_shot","facet","Trust","0.871699734613926"
"psi_Gemma2_27b_zero_shot","facet","Organization","0.69993749083365"
"psi_Gemma2_27b_zero_shot","facet","Productiveness","0.73585953648287"
"psi_Gemma2_27b_zero_shot","facet","Responsibility","0.847287142532541"
"psi_Gemma2_27b_zero_shot","facet","Anxiety","0.728258287969534"
"psi_Gemma2_27b_zero_shot","facet","Depression","0.823299731168743"
"psi_Gemma2_27b_zero_shot","facet","Emotional_Volatility","0.850411848317856"
"psi_Gemma2_27b_zero_shot","facet","Intellectual_Curiosity","0.767424494026952"
"psi_Gemma2_27b_zero_shot","facet","Aesthetic_Sensitivity","0.858649755447384"
"psi_Gemma2_27b_zero_shot","facet","Creative_Imagination","0.743919708814049"
"psi_Gemma2_27b_zero_shot","domain","Extraversion","0.910635300110612"
"psi_Gemma2_27b_zero_shot","domain","Agreeableness","0.929562300275107"
"psi_Gemma2_27b_zero_shot","domain","Conscientiousness","0.902147598165825"
"psi_Gemma2_27b_zero_shot","domain","Neuroticism","0.901367904635154"
"psi_Gemma2_27b_zero_shot","domain","Openness","0.88628122804801"
"psi_GPT4o_mini_zero_shot","facet","Sociability","0.918370109652092"
"psi_GPT4o_mini_zero_shot","facet","Assertiveness","0.811773832598922"
"psi_GPT4o_mini_zero_shot","facet","Energy_Level","0.881301718861621"
"psi_GPT4o_mini_zero_shot","facet","Compassion","0.894879604734456"
"psi_GPT4o_mini_zero_shot","facet","Respectfulness","0.813823251884842"
"psi_GPT4o_mini_zero_shot","facet","Trust","0.867630753918885"
"psi_GPT4o_mini_zero_shot","facet","Organization","0.847191878567144"
"psi_GPT4o_mini_zero_shot","facet","Productiveness","0.85043140184052"
"psi_GPT4o_mini_zero_shot","facet","Responsibility","0.864902852061453"
"psi_GPT4o_mini_zero_shot","facet","Anxiety","0.881176091535326"
"psi_GPT4o_mini_zero_shot","facet","Depression","0.897560479695359"
"psi_GPT4o_mini_zero_shot","facet","Emotional_Volatility","0.879919962208368"
"psi_GPT4o_mini_zero_shot","facet","Intellectual_Curiosity","0.883823825663791"
"psi_GPT4o_mini_zero_shot","facet","Aesthetic_Sensitivity","0.86470213329705"
"psi_GPT4o_mini_zero_shot","facet","Creative_Imagination","0.871723870445631"
"psi_GPT4o_mini_zero_shot","domain","Extraversion","0.932060472383053"
"psi_GPT4o_mini_zero_shot","domain","Agreeableness","0.93633517543906"
"psi_GPT4o_mini_zero_shot","domain","Conscientiousness","0.932199166524398"
"psi_GPT4o_mini_zero_shot","domain","Neuroticism","0.943453693352662"
"psi_GPT4o_mini_zero_shot","domain","Openness","0.917908352623781"
"psi_GPT4o_zero_shot","facet","Sociability","0.907234274955626"
"psi_GPT4o_zero_shot","facet","Assertiveness","0.812560810959915"
"psi_GPT4o_zero_shot","facet","Energy_Level","0.885956716925627"
"psi_GPT4o_zero_shot","facet","Compassion","0.889450824061403"
"psi_GPT4o_zero_shot","facet","Respectfulness","0.838833002672019"
"psi_GPT4o_zero_shot","facet","Trust","0.88287048308473"
"psi_GPT4o_zero_shot","facet","Organization","0.859487305588"
"psi_GPT4o_zero_shot","facet","Productiveness","0.868005451071745"
"psi_GPT4o_zero_shot","facet","Responsibility","0.878893848217962"
"psi_GPT4o_zero_shot","facet","Anxiety","0.883594742613206"
"psi_GPT4o_zero_shot","facet","Depression","0.913905041020319"
"psi_GPT4o_zero_shot","facet","Emotional_Volatility","0.872466205206419"
"psi_GPT4o_zero_shot","facet","Intellectual_Curiosity","0.88760012347684"
"psi_GPT4o_zero_shot","facet","Aesthetic_Sensitivity","0.87823240589198"
"psi_GPT4o_zero_shot","facet","Creative_Imagination","0.879076090937592"
"psi_GPT4o_zero_shot","domain","Extraversion","0.93036899769331"
"psi_GPT4o_zero_shot","domain","Agreeableness","0.935578252802392"
"psi_GPT4o_zero_shot","domain","Conscientiousness","0.936842624864715"
"psi_GPT4o_zero_shot","domain","Neuroticism","0.945695239671386"
"psi_GPT4o_zero_shot","domain","Openness","0.923237641562088"
"psi_Llama3_8b_zero_shot","facet","Sociability","0.855686810106714"
"psi_Llama3_8b_zero_shot","facet","Assertiveness","0.713210794015383"
"psi_Llama3_8b_zero_shot","facet","Energy_Level","0.830695891211837"
"psi_Llama3_8b_zero_shot","facet","Compassion","0.737039717249263"
"psi_Llama3_8b_zero_shot","facet","Respectfulness","0.720223906772321"
"psi_Llama3_8b_zero_shot","facet","Trust","0.745800028821473"
"psi_Llama3_8b_zero_shot","facet","Organization","0.639401442177363"
"psi_Llama3_8b_zero_shot","facet","Productiveness","0.789050963443184"
"psi_Llama3_8b_zero_shot","facet","Responsibility","0.792515850436297"
"psi_Llama3_8b_zero_shot","facet","Anxiety","0.81788206745486"
"psi_Llama3_8b_zero_shot","facet","Depression","0.829008735935722"
"psi_Llama3_8b_zero_shot","facet","Emotional_Volatility","0.77871415518895"
"psi_Llama3_8b_zero_shot","facet","Intellectual_Curiosity","0.831732953806181"
"psi_Llama3_8b_zero_shot","facet","Aesthetic_Sensitivity","0.841719315410209"
"psi_Llama3_8b_zero_shot","facet","Creative_Imagination","0.793239875551938"
"psi_Llama3_8b_zero_shot","domain","Extraversion","0.904402874115008"
"psi_Llama3_8b_zero_shot","domain","Agreeableness","0.881541281980044"
"psi_Llama3_8b_zero_shot","domain","Conscientiousness","0.882985396955985"
"psi_Llama3_8b_zero_shot","domain","Neuroticism","0.910443597846397"
"psi_Llama3_8b_zero_shot","domain","Openness","0.895008505600578"
"psi_Llama3_70b_zero_shot","facet","Sociability","0.815885281903776"
"psi_Llama3_70b_zero_shot","facet","Assertiveness","0.54665941405953"
"psi_Llama3_70b_zero_shot","facet","Energy_Level","0.765510388349357"
"psi_Llama3_70b_zero_shot","facet","Compassion","0.826937692240692"
"psi_Llama3_70b_zero_shot","facet","Respectfulness","0.865175172642506"
"psi_Llama3_70b_zero_shot","facet","Trust","0.873218777654674"
"psi_Llama3_70b_zero_shot","facet","Organization","0.829722435296457"
"psi_Llama3_70b_zero_shot","facet","Productiveness","0.77292605874495"
"psi_Llama3_70b_zero_shot","facet","Responsibility","0.867463750885748"
"psi_Llama3_70b_zero_shot","facet","Anxiety","0.785378301756572"
"psi_Llama3_70b_zero_shot","facet","Depression","0.886585675629222"
"psi_Llama3_70b_zero_shot","facet","Emotional_Volatility","0.904558663508929"
"psi_Llama3_70b_zero_shot","facet","Intellectual_Curiosity","0.796284294664074"
"psi_Llama3_70b_zero_shot","facet","Aesthetic_Sensitivity","0.835911893730189"
"psi_Llama3_70b_zero_shot","facet","Creative_Imagination","0.76745077063726"
"psi_Llama3_70b_zero_shot","domain","Extraversion","0.872212255612666"
"psi_Llama3_70b_zero_shot","domain","Agreeableness","0.930483049871481"
"psi_Llama3_70b_zero_shot","domain","Conscientiousness","0.926641835611228"
"psi_Llama3_70b_zero_shot","domain","Neuroticism","0.929824205660494"
"psi_Llama3_70b_zero_shot","domain","Openness","0.879989703291727"
"psi_Mistral_7b_zero_shot","facet","Sociability","0.84383876498852"
"psi_Mistral_7b_zero_shot","facet","Assertiveness","0.610107063426719"
"psi_Mistral_7b_zero_shot","facet","Energy_Level","0.716426677683553"
"psi_Mistral_7b_zero_shot","facet","Compassion","0.801483910470526"
"psi_Mistral_7b_zero_shot","facet","Respectfulness","0.813319653262828"
"psi_Mistral_7b_zero_shot","facet","Trust","0.774581850365142"
"psi_Mistral_7b_zero_shot","facet","Organization","0.669956266581979"
"psi_Mistral_7b_zero_shot","facet","Productiveness","0.768893938433482"
"psi_Mistral_7b_zero_shot","facet","Responsibility","0.855060880132744"
"psi_Mistral_7b_zero_shot","facet","Anxiety","0.751411448721931"
"psi_Mistral_7b_zero_shot","facet","Depression","0.835345082229165"
"psi_Mistral_7b_zero_shot","facet","Emotional_Volatility","0.83282114633297"
"psi_Mistral_7b_zero_shot","facet","Intellectual_Curiosity","0.521953837895867"
"psi_Mistral_7b_zero_shot","facet","Aesthetic_Sensitivity","0.500870738152115"
"psi_Mistral_7b_zero_shot","facet","Creative_Imagination","0.615694298407646"
"psi_Mistral_7b_zero_shot","domain","Extraversion","0.885727994584392"
"psi_Mistral_7b_zero_shot","domain","Agreeableness","0.918328475040253"
"psi_Mistral_7b_zero_shot","domain","Conscientiousness","0.900167879656893"
"psi_Mistral_7b_zero_shot","domain","Neuroticism","0.909948899149453"
"psi_Mistral_7b_zero_shot","domain","Openness","0.740447383566852"
"shape_Gemma2_9b_zero_shot","facet","Sociability","0.793920971052742"
"shape_Gemma2_9b_zero_shot","facet","Assertiveness","0.738073819695513"
"shape_Gemma2_9b_zero_shot","facet","Energy_Level","0.916738964906944"
"shape_Gemma2_9b_zero_shot","facet","Compassion","0.952919286624543"
"shape_Gemma2_9b_zero_shot","facet","Respectfulness","0.957515590524308"
"shape_Gemma2_9b_zero_shot","facet","Trust","0.955629700223389"
"shape_Gemma2_9b_zero_shot","facet","Organization","0.797138585675649"
"shape_Gemma2_9b_zero_shot","facet","Productiveness","0.941545285975333"
"shape_Gemma2_9b_zero_shot","facet","Responsibility","0.868392108275118"
"shape_Gemma2_9b_zero_shot","facet","Anxiety","0.707113838956932"
"shape_Gemma2_9b_zero_shot","facet","Depression","0.887225955338356"
"shape_Gemma2_9b_zero_shot","facet","Emotional_Volatility","0.781310417209188"
"shape_Gemma2_9b_zero_shot","facet","Intellectual_Curiosity","0.900418689101767"
"shape_Gemma2_9b_zero_shot","facet","Aesthetic_Sensitivity","0.920819949573447"
"shape_Gemma2_9b_zero_shot","facet","Creative_Imagination","0.91703084678869"
"shape_Gemma2_9b_zero_shot","domain","Extraversion","0.927053555855969"
"shape_Gemma2_9b_zero_shot","domain","Agreeableness","0.980781594081577"
"shape_Gemma2_9b_zero_shot","domain","Conscientiousness","0.942627852230525"
"shape_Gemma2_9b_zero_shot","domain","Neuroticism","0.922627185293871"
"shape_Gemma2_9b_zero_shot","domain","Openness","0.963275727990136"
"shape_Gemma2_27b_zero_shot","facet","Sociability","0.892104142401247"
"shape_Gemma2_27b_zero_shot","facet","Assertiveness","0.858343740432026"
"shape_Gemma2_27b_zero_shot","facet","Energy_Level","0.933511798009142"
"shape_Gemma2_27b_zero_shot","facet","Compassion","0.949193569515686"
"shape_Gemma2_27b_zero_shot","facet","Respectfulness","0.953971850306955"
"shape_Gemma2_27b_zero_shot","facet","Trust","0.947538806284822"
"shape_Gemma2_27b_zero_shot","facet","Organization","0.843498210762182"
"shape_Gemma2_27b_zero_shot","facet","Productiveness","0.936639258009031"
"shape_Gemma2_27b_zero_shot","facet","Responsibility","0.909187721462653"
"shape_Gemma2_27b_zero_shot","facet","Anxiety","0.608324240357209"
"shape_Gemma2_27b_zero_shot","facet","Depression","0.957859104710403"
"shape_Gemma2_27b_zero_shot","facet","Emotional_Volatility","0.903298318189128"
"shape_Gemma2_27b_zero_shot","facet","Intellectual_Curiosity","0.841411183194316"
"shape_Gemma2_27b_zero_shot","facet","Aesthetic_Sensitivity","0.924316855867956"
"shape_Gemma2_27b_zero_shot","facet","Creative_Imagination","0.939506156246544"
"shape_Gemma2_27b_zero_shot","domain","Extraversion","0.951740489401614"
"shape_Gemma2_27b_zero_shot","domain","Agreeableness","0.977347689124939"
"shape_Gemma2_27b_zero_shot","domain","Conscientiousness","0.954944142727264"
"shape_Gemma2_27b_zero_shot","domain","Neuroticism","0.936623219339357"
"shape_Gemma2_27b_zero_shot","domain","Openness","0.962685624094744"
"shape_GPT4o_mini_zero_shot","facet","Sociability","0.73665209180166"
"shape_GPT4o_mini_zero_shot","facet","Assertiveness","0.769795498236532"
"shape_GPT4o_mini_zero_shot","facet","Energy_Level","0.837581440200929"
"shape_GPT4o_mini_zero_shot","facet","Compassion","0.877180294840405"
"shape_GPT4o_mini_zero_shot","facet","Respectfulness","0.874168502588574"
"shape_GPT4o_mini_zero_shot","facet","Trust","0.853152282025327"
"shape_GPT4o_mini_zero_shot","facet","Organization","0.667632368198749"
"shape_GPT4o_mini_zero_shot","facet","Productiveness","0.823600323763928"
"shape_GPT4o_mini_zero_shot","facet","Responsibility","0.789419921866857"
"shape_GPT4o_mini_zero_shot","facet","Anxiety","0.600653573512814"
"shape_GPT4o_mini_zero_shot","facet","Depression","0.817102040066839"
"shape_GPT4o_mini_zero_shot","facet","Emotional_Volatility","0.759759949826522"
"shape_GPT4o_mini_zero_shot","facet","Intellectual_Curiosity","0.758391047525749"
"shape_GPT4o_mini_zero_shot","facet","Aesthetic_Sensitivity","0.882355787417854"
"shape_GPT4o_mini_zero_shot","facet","Creative_Imagination","0.790151132928797"
"shape_GPT4o_mini_zero_shot","domain","Extraversion","0.900190295232374"
"shape_GPT4o_mini_zero_shot","domain","Agreeableness","0.949362212515467"
"shape_GPT4o_mini_zero_shot","domain","Conscientiousness","0.912056558200556"
"shape_GPT4o_mini_zero_shot","domain","Neuroticism","0.892888898878425"
"shape_GPT4o_mini_zero_shot","domain","Openness","0.937484830785137"
"shape_GPT4o_zero_shot","facet","Sociability","0.86981280094171"
"shape_GPT4o_zero_shot","facet","Assertiveness","0.926714945059189"
"shape_GPT4o_zero_shot","facet","Energy_Level","0.897194113379281"
"shape_GPT4o_zero_shot","facet","Compassion","0.951663961092919"
"shape_GPT4o_zero_shot","facet","Respectfulness","0.938692031560342"
"shape_GPT4o_zero_shot","facet","Trust","0.955187741825585"
"shape_GPT4o_zero_shot","facet","Organization","0.863243252949309"
"shape_GPT4o_zero_shot","facet","Productiveness","0.908531985132858"
"shape_GPT4o_zero_shot","facet","Responsibility","0.906294573071195"
"shape_GPT4o_zero_shot","facet","Anxiety","0.810737981895765"
"shape_GPT4o_zero_shot","facet","Depression","0.895124461879074"
"shape_GPT4o_zero_shot","facet","Emotional_Volatility","0.866679804573634"
"shape_GPT4o_zero_shot","facet","Intellectual_Curiosity","0.870477100846242"
"shape_GPT4o_zero_shot","facet","Aesthetic_Sensitivity","0.919128230490642"
"shape_GPT4o_zero_shot","facet","Creative_Imagination","0.876908903508967"
"shape_GPT4o_zero_shot","domain","Extraversion","0.945819025206657"
"shape_GPT4o_zero_shot","domain","Agreeableness","0.976139772737836"
"shape_GPT4o_zero_shot","domain","Conscientiousness","0.953640069504717"
"shape_GPT4o_zero_shot","domain","Neuroticism","0.936537182576184"
"shape_GPT4o_zero_shot","domain","Openness","0.960155695755231"
"shape_Llama3_8b_zero_shot","facet","Sociability","0.575480726383413"
"shape_Llama3_8b_zero_shot","facet","Assertiveness","0.487669137611222"
"shape_Llama3_8b_zero_shot","facet","Energy_Level","0.321357117480975"
"shape_Llama3_8b_zero_shot","facet","Compassion","0.677597831002937"
"shape_Llama3_8b_zero_shot","facet","Respectfulness","0.73696110719937"
"shape_Llama3_8b_zero_shot","facet","Trust","0.689470773590871"
"shape_Llama3_8b_zero_shot","facet","Organization","0.612674431536193"
"shape_Llama3_8b_zero_shot","facet","Productiveness","0.598052185588287"
"shape_Llama3_8b_zero_shot","facet","Responsibility","0.678804506998668"
"shape_Llama3_8b_zero_shot","facet","Anxiety","-0.571961083982555"
"shape_Llama3_8b_zero_shot","facet","Depression","0.571825478010834"
"shape_Llama3_8b_zero_shot","facet","Emotional_Volatility","-0.0375792550683641"
"shape_Llama3_8b_zero_shot","facet","Intellectual_Curiosity","0.539822675931072"
"shape_Llama3_8b_zero_shot","facet","Aesthetic_Sensitivity","0.649547032920134"
"shape_Llama3_8b_zero_shot","facet","Creative_Imagination","0.509231223536191"
"shape_Llama3_8b_zero_shot","domain","Extraversion","0.763380039986282"
"shape_Llama3_8b_zero_shot","domain","Agreeableness","0.886527172973368"
"shape_Llama3_8b_zero_shot","domain","Conscientiousness","0.852186079447674"
"shape_Llama3_8b_zero_shot","domain","Neuroticism","0.587353973138903"
"shape_Llama3_8b_zero_shot","domain","Openness","0.835826146817169"
"shape_Llama3_70b_zero_shot","facet","Sociability","0.764053890765123"
"shape_Llama3_70b_zero_shot","facet","Assertiveness","0.856832125675012"
"shape_Llama3_70b_zero_shot","facet","Energy_Level","0.868904868170923"
"shape_Llama3_70b_zero_shot","facet","Compassion","0.934624588572155"
"shape_Llama3_70b_zero_shot","facet","Respectfulness","0.92904835051398"
"shape_Llama3_70b_zero_shot","facet","Trust","0.944655829706729"
"shape_Llama3_70b_zero_shot","facet","Organization","0.828325153445758"
"shape_Llama3_70b_zero_shot","facet","Productiveness","0.892519612873823"
"shape_Llama3_70b_zero_shot","facet","Responsibility","0.866754351581667"
"shape_Llama3_70b_zero_shot","facet","Anxiety","0.802161043757303"
"shape_Llama3_70b_zero_shot","facet","Depression","0.916809248173927"
"shape_Llama3_70b_zero_shot","facet","Emotional_Volatility","0.878333540844413"
"shape_Llama3_70b_zero_shot","facet","Intellectual_Curiosity","0.885591000614357"
"shape_Llama3_70b_zero_shot","facet","Aesthetic_Sensitivity","0.92594589499923"
"shape_Llama3_70b_zero_shot","facet","Creative_Imagination","0.884798826907355"
"shape_Llama3_70b_zero_shot","domain","Extraversion","0.914879634060232"
"shape_Llama3_70b_zero_shot","domain","Agreeableness","0.971840417165822"
"shape_Llama3_70b_zero_shot","domain","Conscientiousness","0.941925009865207"
"shape_Llama3_70b_zero_shot","domain","Neuroticism","0.94174075139235"
"shape_Llama3_70b_zero_shot","domain","Openness","0.956926115982499"
"shape_Mistral_7b_zero_shot","facet","Sociability","0.80854069575998"
"shape_Mistral_7b_zero_shot","facet","Assertiveness","0.788319660779663"
"shape_Mistral_7b_zero_shot","facet","Energy_Level","0.880675126690958"
"shape_Mistral_7b_zero_shot","facet","Compassion","0.793695609692834"
"shape_Mistral_7b_zero_shot","facet","Respectfulness","0.776841878711394"
"shape_Mistral_7b_zero_shot","facet","Trust","0.828628422639558"
"shape_Mistral_7b_zero_shot","facet","Organization","0.682336998514116"
"shape_Mistral_7b_zero_shot","facet","Productiveness","0.87729326870972"
"shape_Mistral_7b_zero_shot","facet","Responsibility","0.843781833466756"
"shape_Mistral_7b_zero_shot","facet","Anxiety","0.639865432507629"
"shape_Mistral_7b_zero_shot","facet","Depression","0.851551377269696"
"shape_Mistral_7b_zero_shot","facet","Emotional_Volatility","0.794035121336965"
"shape_Mistral_7b_zero_shot","facet","Intellectual_Curiosity","0.659917402745019"
"shape_Mistral_7b_zero_shot","facet","Aesthetic_Sensitivity","0.80357122061503"
"shape_Mistral_7b_zero_shot","facet","Creative_Imagination","0.812337320253492"
"shape_Mistral_7b_zero_shot","domain","Extraversion","0.926753150469245"
"shape_Mistral_7b_zero_shot","domain","Agreeableness","0.920546053712859"
"shape_Mistral_7b_zero_shot","domain","Conscientiousness","0.927689949383698"
"shape_Mistral_7b_zero_shot","domain","Neuroticism","0.89757146862273"
"shape_Mistral_7b_zero_shot","domain","Openness","0.906106990689601"
