"file","model","item","loading"
"human_normal","ext","item1",0.797234448249674
"human_normal","ext","item16",0.81535278377452
"human_normal","ext","item31",0.816865528262607
"human_normal","ext","item46",0.763627104360472
"human_normal","ext","item6",0.764046586869305
"human_normal","ext","item21",0.891549681593504
"human_normal","ext","item36",0.530823179348844
"human_normal","ext","item51",0.693989582377993
"human_normal","ext","item11",0.453103751763491
"human_normal","ext","item26",0.537578370968265
"human_normal","ext","item41",0.825951767090607
"human_normal","ext","item56",0.765869340037688
"human_normal","agr","item2",0.730225090450835
"human_normal","agr","item17",0.341169532382974
"human_normal","agr","item32",0.623767222407117
"human_normal","agr","item47",0.753268849348946
"human_normal","agr","item7",0.713454655865305
"human_normal","agr","item22",0.598649025609206
"human_normal","agr","item37",0.699423166744399
"human_normal","agr","item52",0.699128034735793
"human_normal","agr","item12",0.686630110294591
"human_normal","agr","item27",0.681586384597786
"human_normal","agr","item42",0.670969786020499
"human_normal","agr","item57",0.78346906394097
"human_normal","con","item3",0.854575189034203
"human_normal","con","item18",0.702635596744737
"human_normal","con","item33",0.8633729875653
"human_normal","con","item48",0.735310067033298
"human_normal","con","item8",0.724906512625231
"human_normal","con","item23",0.75188471628149
"human_normal","con","item38",0.732054039067347
"human_normal","con","item53",0.696293461829517
"human_normal","con","item13",0.676380141558205
"human_normal","con","item28",0.734388693081132
"human_normal","con","item43",0.702802464036124
"human_normal","con","item58",0.649362202313066
"human_normal","neu","item4",0.84904291063928
"human_normal","neu","item19",0.695208287851175
"human_normal","neu","item34",0.789922517414878
"human_normal","neu","item49",0.664000008540117
"human_normal","neu","item9",0.642607319020702
"human_normal","neu","item24",0.670075201926612
"human_normal","neu","item39",0.902517178324402
"human_normal","neu","item54",0.905404049249449
"human_normal","neu","item14",0.797555045263706
"human_normal","neu","item29",0.879365967190387
"human_normal","neu","item44",0.773164715717033
"human_normal","neu","item59",0.800625908407487
"human_normal","ope","item10",0.604815747389805
"human_normal","ope","item25",0.633205650837361
"human_normal","ope","item40",0.649437994781649
"human_normal","ope","item55",0.738841459384014
"human_normal","ope","item5",0.655023057294722
"human_normal","ope","item20",0.857795260277443
"human_normal","ope","item35",0.871158856473273
"human_normal","ope","item50",0.650120913344261
"human_normal","ope","item15",0.721575457153983
"human_normal","ope","item30",0.774051538736751
"human_normal","ope","item45",0.659364821495843
"human_normal","ope","item60",0.799864709051332
"persona_Gemma2_9b_zero_shot","ext","item1",0.753589174539607
"persona_Gemma2_9b_zero_shot","ext","item16",0.813825716133024
"persona_Gemma2_9b_zero_shot","ext","item31",0.788473879007195
"persona_Gemma2_9b_zero_shot","ext","item46",0.713764861764306
"persona_Gemma2_9b_zero_shot","ext","item6",0.896733994744721
"persona_Gemma2_9b_zero_shot","ext","item21",0.839161448131124
"persona_Gemma2_9b_zero_shot","ext","item36",0.326206472389664
"persona_Gemma2_9b_zero_shot","ext","item51",0.43834822694888
"persona_Gemma2_9b_zero_shot","ext","item11",0.469656942705497
"persona_Gemma2_9b_zero_shot","ext","item26",0.644394733394607
"persona_Gemma2_9b_zero_shot","ext","item41",0.882442854847043
"persona_Gemma2_9b_zero_shot","ext","item56",0.766868764728857
"persona_Gemma2_9b_zero_shot","agr","item2",0.798832541901959
"persona_Gemma2_9b_zero_shot","agr","item17",0.75969505694272
"persona_Gemma2_9b_zero_shot","agr","item32",0.795246884500074
"persona_Gemma2_9b_zero_shot","agr","item47",0.774817785641654
"persona_Gemma2_9b_zero_shot","agr","item7",0.774844571471108
"persona_Gemma2_9b_zero_shot","agr","item22",0.600078911613837
"persona_Gemma2_9b_zero_shot","agr","item37",0.631043512112317
"persona_Gemma2_9b_zero_shot","agr","item52",0.861338788624045
"persona_Gemma2_9b_zero_shot","agr","item12",0.345459153398522
"persona_Gemma2_9b_zero_shot","agr","item27",0.617140235517151
"persona_Gemma2_9b_zero_shot","agr","item42",0.559606054641925
"persona_Gemma2_9b_zero_shot","agr","item57",0.879250223278076
"persona_Gemma2_9b_zero_shot","con","item3",0.710217086847652
"persona_Gemma2_9b_zero_shot","con","item18",0.826160450394933
"persona_Gemma2_9b_zero_shot","con","item33",0.691704683692216
"persona_Gemma2_9b_zero_shot","con","item48",0.502458981610041
"persona_Gemma2_9b_zero_shot","con","item8",0.682660099665028
"persona_Gemma2_9b_zero_shot","con","item23",0.363473769660768
"persona_Gemma2_9b_zero_shot","con","item38",0.850455215554937
"persona_Gemma2_9b_zero_shot","con","item53",0.857417355694639
"persona_Gemma2_9b_zero_shot","con","item13",0.877159706717454
"persona_Gemma2_9b_zero_shot","con","item28",0.582424903730994
"persona_Gemma2_9b_zero_shot","con","item43",0.876136613713951
"persona_Gemma2_9b_zero_shot","con","item58",0.603189912818066
"persona_Gemma2_9b_zero_shot","neu","item4",0.762632983761456
"persona_Gemma2_9b_zero_shot","neu","item19",0.716787005544411
"persona_Gemma2_9b_zero_shot","neu","item34",0.823097789220854
"persona_Gemma2_9b_zero_shot","neu","item49",0.79594120817918
"persona_Gemma2_9b_zero_shot","neu","item9",0.518030780580227
"persona_Gemma2_9b_zero_shot","neu","item24",0.658910104832791
"persona_Gemma2_9b_zero_shot","neu","item39",0.875279651403314
"persona_Gemma2_9b_zero_shot","neu","item54",0.898685913354093
"persona_Gemma2_9b_zero_shot","neu","item14",0.715676622971887
"persona_Gemma2_9b_zero_shot","neu","item29",0.895384004192196
"persona_Gemma2_9b_zero_shot","neu","item44",0.619342554706169
"persona_Gemma2_9b_zero_shot","neu","item59",0.618157170666185
"persona_Gemma2_9b_zero_shot","ope","item10",0.690778316272728
"persona_Gemma2_9b_zero_shot","ope","item25",0.418250885954161
"persona_Gemma2_9b_zero_shot","ope","item40",0.619042507761095
"persona_Gemma2_9b_zero_shot","ope","item55",0.400165751676117
"persona_Gemma2_9b_zero_shot","ope","item5",0.241691534716847
"persona_Gemma2_9b_zero_shot","ope","item20",0.866649687475225
"persona_Gemma2_9b_zero_shot","ope","item35",0.91080453079156
"persona_Gemma2_9b_zero_shot","ope","item50",0.344494928680319
"persona_Gemma2_9b_zero_shot","ope","item15",0.737103626706158
"persona_Gemma2_9b_zero_shot","ope","item30",0.11118341332471
"persona_Gemma2_9b_zero_shot","ope","item45",0.335652998141638
"persona_Gemma2_9b_zero_shot","ope","item60",0.777071544360224
"persona_Gemma2_27b_zero_shot","ext","item1",0.753202533221631
"persona_Gemma2_27b_zero_shot","ext","item16",0.798354806711858
"persona_Gemma2_27b_zero_shot","ext","item31",0.697031465071128
"persona_Gemma2_27b_zero_shot","ext","item46",0.758162770698683
"persona_Gemma2_27b_zero_shot","ext","item6",0.830525859227164
"persona_Gemma2_27b_zero_shot","ext","item21",0.672455185967883
"persona_Gemma2_27b_zero_shot","ext","item36",0.757414166416617
"persona_Gemma2_27b_zero_shot","ext","item51",0.517530131537613
"persona_Gemma2_27b_zero_shot","ext","item11",0.723803215599261
"persona_Gemma2_27b_zero_shot","ext","item26",0.826860556910272
"persona_Gemma2_27b_zero_shot","ext","item41",0.864521579192899
"persona_Gemma2_27b_zero_shot","ext","item56",0.790437310424546
"persona_Gemma2_27b_zero_shot","agr","item2",0.697105346284084
"persona_Gemma2_27b_zero_shot","agr","item17",0.676839227203166
"persona_Gemma2_27b_zero_shot","agr","item32",0.860410255972179
"persona_Gemma2_27b_zero_shot","agr","item47",0.785993816191144
"persona_Gemma2_27b_zero_shot","agr","item7",0.817164859932993
"persona_Gemma2_27b_zero_shot","agr","item22",0.495443757710923
"persona_Gemma2_27b_zero_shot","agr","item37",0.640851629120085
"persona_Gemma2_27b_zero_shot","agr","item52",0.87027067503145
"persona_Gemma2_27b_zero_shot","agr","item12",0.655524472893647
"persona_Gemma2_27b_zero_shot","agr","item27",0.701876861324986
"persona_Gemma2_27b_zero_shot","agr","item42",0.6805716813232
"persona_Gemma2_27b_zero_shot","agr","item57",0.880777037460535
"persona_Gemma2_27b_zero_shot","con","item3",0.63158094721362
"persona_Gemma2_27b_zero_shot","con","item18",0.701405786805341
"persona_Gemma2_27b_zero_shot","con","item33",0.725100715628288
"persona_Gemma2_27b_zero_shot","con","item48",0.686390034713231
"persona_Gemma2_27b_zero_shot","con","item8",0.704371202473743
"persona_Gemma2_27b_zero_shot","con","item23",0.671885910476424
"persona_Gemma2_27b_zero_shot","con","item38",0.859287039029018
"persona_Gemma2_27b_zero_shot","con","item53",0.810001374879999
"persona_Gemma2_27b_zero_shot","con","item13",0.911283002518219
"persona_Gemma2_27b_zero_shot","con","item28",0.655424711864634
"persona_Gemma2_27b_zero_shot","con","item43",0.931871358748893
"persona_Gemma2_27b_zero_shot","con","item58",0.675813448704827
"persona_Gemma2_27b_zero_shot","neu","item4",0.747255896543227
"persona_Gemma2_27b_zero_shot","neu","item19",0.848694950726586
"persona_Gemma2_27b_zero_shot","neu","item34",0.688865702455501
"persona_Gemma2_27b_zero_shot","neu","item49",0.349965230580505
"persona_Gemma2_27b_zero_shot","neu","item9",0.665314652897786
"persona_Gemma2_27b_zero_shot","neu","item24",0.627534681475324
"persona_Gemma2_27b_zero_shot","neu","item39",0.87965639182179
"persona_Gemma2_27b_zero_shot","neu","item54",0.858829911554704
"persona_Gemma2_27b_zero_shot","neu","item14",0.763181047025658
"persona_Gemma2_27b_zero_shot","neu","item29",0.836091084684415
"persona_Gemma2_27b_zero_shot","neu","item44",0.739488810561496
"persona_Gemma2_27b_zero_shot","neu","item59",0.630757713490776
"persona_Gemma2_27b_zero_shot","ope","item10",0.647651623835394
"persona_Gemma2_27b_zero_shot","ope","item25",0.798871053991876
"persona_Gemma2_27b_zero_shot","ope","item40",0.47612612214507
"persona_Gemma2_27b_zero_shot","ope","item55",0.771336761672959
"persona_Gemma2_27b_zero_shot","ope","item5",0.850126076155724
"persona_Gemma2_27b_zero_shot","ope","item20",0.826484162027837
"persona_Gemma2_27b_zero_shot","ope","item35",0.889430201050958
"persona_Gemma2_27b_zero_shot","ope","item50",0.444681535606769
"persona_Gemma2_27b_zero_shot","ope","item15",0.798205993195713
"persona_Gemma2_27b_zero_shot","ope","item30",0.696204326565708
"persona_Gemma2_27b_zero_shot","ope","item45",0.549784642760139
"persona_Gemma2_27b_zero_shot","ope","item60",0.804239809853073
"persona_GPT4o_mini_zero_shot","ext","item1",0.789161096772178
"persona_GPT4o_mini_zero_shot","ext","item16",0.775430804106665
"persona_GPT4o_mini_zero_shot","ext","item31",0.717987973294561
"persona_GPT4o_mini_zero_shot","ext","item46",0.737608313950393
"persona_GPT4o_mini_zero_shot","ext","item6",0.874279969988104
"persona_GPT4o_mini_zero_shot","ext","item21",0.798426543226395
"persona_GPT4o_mini_zero_shot","ext","item36",0.739188476129042
"persona_GPT4o_mini_zero_shot","ext","item51",0.648646703775751
"persona_GPT4o_mini_zero_shot","ext","item11",0.70020190194535
"persona_GPT4o_mini_zero_shot","ext","item26",0.782036075690016
"persona_GPT4o_mini_zero_shot","ext","item41",0.882531975136895
"persona_GPT4o_mini_zero_shot","ext","item56",0.877388017791398
"persona_GPT4o_mini_zero_shot","agr","item2",0.817259975674186
"persona_GPT4o_mini_zero_shot","agr","item17",0.696606805875879
"persona_GPT4o_mini_zero_shot","agr","item32",0.844606340854246
"persona_GPT4o_mini_zero_shot","agr","item47",0.756049940066303
"persona_GPT4o_mini_zero_shot","agr","item7",0.855301665624375
"persona_GPT4o_mini_zero_shot","agr","item22",0.454627090865812
"persona_GPT4o_mini_zero_shot","agr","item37",0.665822743873454
"persona_GPT4o_mini_zero_shot","agr","item52",0.853516819363251
"persona_GPT4o_mini_zero_shot","agr","item12",0.486544760282127
"persona_GPT4o_mini_zero_shot","agr","item27",0.847924589264449
"persona_GPT4o_mini_zero_shot","agr","item42",0.657009711181123
"persona_GPT4o_mini_zero_shot","agr","item57",0.897938693561538
"persona_GPT4o_mini_zero_shot","con","item3",0.795771007530629
"persona_GPT4o_mini_zero_shot","con","item18",0.717098773516375
"persona_GPT4o_mini_zero_shot","con","item33",0.755396843404391
"persona_GPT4o_mini_zero_shot","con","item48",0.759162291954058
"persona_GPT4o_mini_zero_shot","con","item8",0.74762744859764
"persona_GPT4o_mini_zero_shot","con","item23",0.666662169900744
"persona_GPT4o_mini_zero_shot","con","item38",0.891090359669956
"persona_GPT4o_mini_zero_shot","con","item53",0.842655616548835
"persona_GPT4o_mini_zero_shot","con","item13",0.885488945461689
"persona_GPT4o_mini_zero_shot","con","item28",0.716390963272659
"persona_GPT4o_mini_zero_shot","con","item43",0.916678909679419
"persona_GPT4o_mini_zero_shot","con","item58",0.742362561241971
"persona_GPT4o_mini_zero_shot","neu","item4",0.73804423491806
"persona_GPT4o_mini_zero_shot","neu","item19",0.576628760560296
"persona_GPT4o_mini_zero_shot","neu","item34",0.672913863955226
"persona_GPT4o_mini_zero_shot","neu","item49",0.642577846791034
"persona_GPT4o_mini_zero_shot","neu","item9",0.706049651728774
"persona_GPT4o_mini_zero_shot","neu","item24",0.82325973224849
"persona_GPT4o_mini_zero_shot","neu","item39",0.76263426618867
"persona_GPT4o_mini_zero_shot","neu","item54",0.804308662498388
"persona_GPT4o_mini_zero_shot","neu","item14",0.765534464181215
"persona_GPT4o_mini_zero_shot","neu","item29",0.901785514555959
"persona_GPT4o_mini_zero_shot","neu","item44",0.57710757236878
"persona_GPT4o_mini_zero_shot","neu","item59",0.661848120003449
"persona_GPT4o_mini_zero_shot","ope","item10",0.786431080106647
"persona_GPT4o_mini_zero_shot","ope","item25",0.630225500692338
"persona_GPT4o_mini_zero_shot","ope","item40",0.681101211754641
"persona_GPT4o_mini_zero_shot","ope","item55",0.682044018955013
"persona_GPT4o_mini_zero_shot","ope","item5",0.790735299156389
"persona_GPT4o_mini_zero_shot","ope","item20",0.866184903357249
"persona_GPT4o_mini_zero_shot","ope","item35",0.883031490901679
"persona_GPT4o_mini_zero_shot","ope","item50",0.64053098095593
"persona_GPT4o_mini_zero_shot","ope","item15",0.80122505190727
"persona_GPT4o_mini_zero_shot","ope","item30",0.738337163887874
"persona_GPT4o_mini_zero_shot","ope","item45",0.498743527496805
"persona_GPT4o_mini_zero_shot","ope","item60",0.904730714252766
"persona_GPT4o_zero_shot","ext","item1",0.77392860079048
"persona_GPT4o_zero_shot","ext","item16",0.787078432755243
"persona_GPT4o_zero_shot","ext","item31",0.785068610567628
"persona_GPT4o_zero_shot","ext","item46",0.741150339792683
"persona_GPT4o_zero_shot","ext","item6",0.663695014979316
"persona_GPT4o_zero_shot","ext","item21",0.607807859965242
"persona_GPT4o_zero_shot","ext","item36",0.728725241886858
"persona_GPT4o_zero_shot","ext","item51",0.594889169343987
"persona_GPT4o_zero_shot","ext","item11",0.820956039668368
"persona_GPT4o_zero_shot","ext","item26",0.685785890444735
"persona_GPT4o_zero_shot","ext","item41",0.812589007035355
"persona_GPT4o_zero_shot","ext","item56",0.818649226225737
"persona_GPT4o_zero_shot","agr","item2",0.763868299623218
"persona_GPT4o_zero_shot","agr","item17",0.8356955846476
"persona_GPT4o_zero_shot","agr","item32",0.741542148380769
"persona_GPT4o_zero_shot","agr","item47",0.674159277712855
"persona_GPT4o_zero_shot","agr","item7",0.821047717169812
"persona_GPT4o_zero_shot","agr","item22",0.538235542406471
"persona_GPT4o_zero_shot","agr","item37",0.743789379978091
"persona_GPT4o_zero_shot","agr","item52",0.704330777811775
"persona_GPT4o_zero_shot","agr","item12",0.625242220795716
"persona_GPT4o_zero_shot","agr","item27",0.597848552228628
"persona_GPT4o_zero_shot","agr","item42",0.352232856209677
"persona_GPT4o_zero_shot","agr","item57",0.635525718803972
"persona_GPT4o_zero_shot","con","item3",0.635078040864643
"persona_GPT4o_zero_shot","con","item18",0.616094038568916
"persona_GPT4o_zero_shot","con","item33",0.62578547059168
"persona_GPT4o_zero_shot","con","item48",0.695870832167542
"persona_GPT4o_zero_shot","con","item8",0.715744790137868
"persona_GPT4o_zero_shot","con","item23",0.601786680825631
"persona_GPT4o_zero_shot","con","item38",0.708683600393061
"persona_GPT4o_zero_shot","con","item53",0.807328852390706
"persona_GPT4o_zero_shot","con","item13",0.656570727364779
"persona_GPT4o_zero_shot","con","item28",0.578683935330565
"persona_GPT4o_zero_shot","con","item43",0.640518584090194
"persona_GPT4o_zero_shot","con","item58",0.468830312215706
"persona_GPT4o_zero_shot","neu","item4",0.516155747686882
"persona_GPT4o_zero_shot","neu","item19",0.65413837173381
"persona_GPT4o_zero_shot","neu","item34",0.590655923717345
"persona_GPT4o_zero_shot","neu","item49",0.511659436883373
"persona_GPT4o_zero_shot","neu","item9",0.26956829870014
"persona_GPT4o_zero_shot","neu","item24",0.722170680647185
"persona_GPT4o_zero_shot","neu","item39",0.699658939201588
"persona_GPT4o_zero_shot","neu","item54",0.669691136647605
"persona_GPT4o_zero_shot","neu","item14",0.70830226497892
"persona_GPT4o_zero_shot","neu","item29",0.438260407343513
"persona_GPT4o_zero_shot","neu","item44",0.398235877804155
"persona_GPT4o_zero_shot","neu","item59",0.593495658374439
"persona_GPT4o_zero_shot","ope","item10",0.708081585837991
"persona_GPT4o_zero_shot","ope","item25",0.681067638303699
"persona_GPT4o_zero_shot","ope","item40",0.784384021910448
"persona_GPT4o_zero_shot","ope","item55",0.746894901638961
"persona_GPT4o_zero_shot","ope","item5",0.835740451783292
"persona_GPT4o_zero_shot","ope","item20",0.819925048963958
"persona_GPT4o_zero_shot","ope","item35",0.856391363539487
"persona_GPT4o_zero_shot","ope","item50",0.689162593162039
"persona_GPT4o_zero_shot","ope","item15",0.652333813920352
"persona_GPT4o_zero_shot","ope","item30",0.813962924786066
"persona_GPT4o_zero_shot","ope","item45",0.675200571862859
"persona_GPT4o_zero_shot","ope","item60",0.698884175720129
"persona_Llama3_8b_zero_shot","ext","item1",-0.15499497416232
"persona_Llama3_8b_zero_shot","ext","item16",-0.77948265739884
"persona_Llama3_8b_zero_shot","ext","item31",-0.752162333133993
"persona_Llama3_8b_zero_shot","ext","item46",0.00683026073156461
"persona_Llama3_8b_zero_shot","ext","item6",0.781336255856577
"persona_Llama3_8b_zero_shot","ext","item21",0.736350255302441
"persona_Llama3_8b_zero_shot","ext","item36",-0.319025908746244
"persona_Llama3_8b_zero_shot","ext","item51",-0.231028259252561
"persona_Llama3_8b_zero_shot","ext","item11",-0.131601939185916
"persona_Llama3_8b_zero_shot","ext","item26",-0.140976935262631
"persona_Llama3_8b_zero_shot","ext","item41",0.565038395203388
"persona_Llama3_8b_zero_shot","ext","item56",0.645860006715613
"persona_Llama3_8b_zero_shot","agr","item2",0.70961781351967
"persona_Llama3_8b_zero_shot","agr","item17",0.0400866560090686
"persona_Llama3_8b_zero_shot","agr","item32",0.881081332483864
"persona_Llama3_8b_zero_shot","agr","item47",0.231080615906683
"persona_Llama3_8b_zero_shot","agr","item7",0.731648243213108
"persona_Llama3_8b_zero_shot","agr","item22",0.122109004335704
"persona_Llama3_8b_zero_shot","agr","item37",-0.127727450567827
"persona_Llama3_8b_zero_shot","agr","item52",0.768663979265411
"persona_Llama3_8b_zero_shot","agr","item12",0.180931656916653
"persona_Llama3_8b_zero_shot","agr","item27",-0.788706719560504
"persona_Llama3_8b_zero_shot","agr","item42",0.115479134003128
"persona_Llama3_8b_zero_shot","agr","item57",-0.832190329693179
"persona_Llama3_8b_zero_shot","con","item3",0.411493392369349
"persona_Llama3_8b_zero_shot","con","item18",-0.719633935489845
"persona_Llama3_8b_zero_shot","con","item33",-0.77753379101827
"persona_Llama3_8b_zero_shot","con","item48",0.0632471871020501
"persona_Llama3_8b_zero_shot","con","item8",-0.132128867894102
"persona_Llama3_8b_zero_shot","con","item23",-0.415617586964837
"persona_Llama3_8b_zero_shot","con","item38",0.713961145835864
"persona_Llama3_8b_zero_shot","con","item53",0.51729989185243
"persona_Llama3_8b_zero_shot","con","item13",0.904019236093087
"persona_Llama3_8b_zero_shot","con","item28",-0.260798825490075
"persona_Llama3_8b_zero_shot","con","item43",0.953764655045183
"persona_Llama3_8b_zero_shot","con","item58",-0.203945761894736
"persona_Llama3_8b_zero_shot","neu","item4",0.556248718640416
"persona_Llama3_8b_zero_shot","neu","item19",-0.482684629271605
"persona_Llama3_8b_zero_shot","neu","item34",-0.306684839574507
"persona_Llama3_8b_zero_shot","neu","item49",0.526266689220863
"persona_Llama3_8b_zero_shot","neu","item9",0.57452238321077
"persona_Llama3_8b_zero_shot","neu","item24",0.579098416230186
"persona_Llama3_8b_zero_shot","neu","item39",-0.500313801363221
"persona_Llama3_8b_zero_shot","neu","item54",-0.277480149717941
"persona_Llama3_8b_zero_shot","neu","item14",0.232121257611392
"persona_Llama3_8b_zero_shot","neu","item29",-0.754755657328239
"persona_Llama3_8b_zero_shot","neu","item44",-0.695266176076992
"persona_Llama3_8b_zero_shot","neu","item59",0.335862847243864
"persona_Llama3_8b_zero_shot","ope","item10",0.640687452473019
"persona_Llama3_8b_zero_shot","ope","item25",-0.098004623786652
"persona_Llama3_8b_zero_shot","ope","item40",0.546901940083357
"persona_Llama3_8b_zero_shot","ope","item55",-0.209307365841182
"persona_Llama3_8b_zero_shot","ope","item5",0.169463099950853
"persona_Llama3_8b_zero_shot","ope","item20",-0.793407030617413
"persona_Llama3_8b_zero_shot","ope","item35",-0.85835786767084
"persona_Llama3_8b_zero_shot","ope","item50",0.0725189064870146
"persona_Llama3_8b_zero_shot","ope","item15",0.709759423741985
"persona_Llama3_8b_zero_shot","ope","item30",-0.401477559421175
"persona_Llama3_8b_zero_shot","ope","item45",-0.341946003981858
"persona_Llama3_8b_zero_shot","ope","item60",0.764220161703144
"persona_Llama3_70b_zero_shot","ext","item1",0.723080689069636
"persona_Llama3_70b_zero_shot","ext","item16",0.87840208223161
"persona_Llama3_70b_zero_shot","ext","item31",0.874136986179858
"persona_Llama3_70b_zero_shot","ext","item46",0.642159655355872
"persona_Llama3_70b_zero_shot","ext","item6",0.839648006215021
"persona_Llama3_70b_zero_shot","ext","item21",0.732093055911533
"persona_Llama3_70b_zero_shot","ext","item36",0.715864239773522
"persona_Llama3_70b_zero_shot","ext","item51",0.536353424932594
"persona_Llama3_70b_zero_shot","ext","item11",0.732330635889942
"persona_Llama3_70b_zero_shot","ext","item26",0.751399824309044
"persona_Llama3_70b_zero_shot","ext","item41",0.869161380131728
"persona_Llama3_70b_zero_shot","ext","item56",0.782495096993351
"persona_Llama3_70b_zero_shot","agr","item2",0.746632044013108
"persona_Llama3_70b_zero_shot","agr","item17",0.855601593769968
"persona_Llama3_70b_zero_shot","agr","item32",0.743708041203738
"persona_Llama3_70b_zero_shot","agr","item47",0.848081521177797
"persona_Llama3_70b_zero_shot","agr","item7",0.79741144881319
"persona_Llama3_70b_zero_shot","agr","item22",0.676324418002825
"persona_Llama3_70b_zero_shot","agr","item37",0.791304186853341
"persona_Llama3_70b_zero_shot","agr","item52",0.802116069562777
"persona_Llama3_70b_zero_shot","agr","item12",0.56607776257898
"persona_Llama3_70b_zero_shot","agr","item27",0.798514144320478
"persona_Llama3_70b_zero_shot","agr","item42",0.633653621266644
"persona_Llama3_70b_zero_shot","agr","item57",0.8246343983061
"persona_Llama3_70b_zero_shot","con","item3",0.75320440097789
"persona_Llama3_70b_zero_shot","con","item18",0.664044337346794
"persona_Llama3_70b_zero_shot","con","item33",0.68408586062037
"persona_Llama3_70b_zero_shot","con","item48",0.742964679986107
"persona_Llama3_70b_zero_shot","con","item8",0.679303442311991
"persona_Llama3_70b_zero_shot","con","item23",0.645907614259844
"persona_Llama3_70b_zero_shot","con","item38",0.877120107134832
"persona_Llama3_70b_zero_shot","con","item53",0.824184892248926
"persona_Llama3_70b_zero_shot","con","item13",0.936582350530443
"persona_Llama3_70b_zero_shot","con","item28",0.575631421686385
"persona_Llama3_70b_zero_shot","con","item43",0.954746921358483
"persona_Llama3_70b_zero_shot","con","item58",0.655314832304879
"persona_Llama3_70b_zero_shot","neu","item4",0.716809698844684
"persona_Llama3_70b_zero_shot","neu","item19",0.608494017866841
"persona_Llama3_70b_zero_shot","neu","item34",0.809960686080029
"persona_Llama3_70b_zero_shot","neu","item49",0.735816086329283
"persona_Llama3_70b_zero_shot","neu","item9",0.684618120745196
"persona_Llama3_70b_zero_shot","neu","item24",0.859175126630921
"persona_Llama3_70b_zero_shot","neu","item39",0.81484464202938
"persona_Llama3_70b_zero_shot","neu","item54",0.884676345811778
"persona_Llama3_70b_zero_shot","neu","item14",0.858097560057037
"persona_Llama3_70b_zero_shot","neu","item29",0.863956076891738
"persona_Llama3_70b_zero_shot","neu","item44",0.725706144285303
"persona_Llama3_70b_zero_shot","neu","item59",0.802988129553418
"persona_Llama3_70b_zero_shot","ope","item10",0.805008009357681
"persona_Llama3_70b_zero_shot","ope","item25",0.755086139491322
"persona_Llama3_70b_zero_shot","ope","item40",0.699795205225281
"persona_Llama3_70b_zero_shot","ope","item55",0.823689565925423
"persona_Llama3_70b_zero_shot","ope","item5",0.854075660860388
"persona_Llama3_70b_zero_shot","ope","item20",0.850346197984991
"persona_Llama3_70b_zero_shot","ope","item35",0.884722087828561
"persona_Llama3_70b_zero_shot","ope","item50",0.411870793875771
"persona_Llama3_70b_zero_shot","ope","item15",0.885745810077381
"persona_Llama3_70b_zero_shot","ope","item30",0.631028169893657
"persona_Llama3_70b_zero_shot","ope","item45",0.488849355510124
"persona_Llama3_70b_zero_shot","ope","item60",0.946011433682188
"persona_Mistral_7b_zero_shot","ext","item1",0.878841073715012
"persona_Mistral_7b_zero_shot","ext","item16",0.462718521880529
"persona_Mistral_7b_zero_shot","ext","item31",0.218737007140365
"persona_Mistral_7b_zero_shot","ext","item46",0.768809368504658
"persona_Mistral_7b_zero_shot","ext","item6",0.705443403082468
"persona_Mistral_7b_zero_shot","ext","item21",0.333551017556472
"persona_Mistral_7b_zero_shot","ext","item36",0.588042747321713
"persona_Mistral_7b_zero_shot","ext","item51",0.348119502121318
"persona_Mistral_7b_zero_shot","ext","item11",0.596999788679553
"persona_Mistral_7b_zero_shot","ext","item26",0.736034665063101
"persona_Mistral_7b_zero_shot","ext","item41",0.785590419286064
"persona_Mistral_7b_zero_shot","ext","item56",0.639747929716106
"persona_Mistral_7b_zero_shot","agr","item2",0.67784897897932
"persona_Mistral_7b_zero_shot","agr","item17",0.108494328676028
"persona_Mistral_7b_zero_shot","agr","item32",0.764523897078049
"persona_Mistral_7b_zero_shot","agr","item47",0.480909317533172
"persona_Mistral_7b_zero_shot","agr","item7",0.769488688139365
"persona_Mistral_7b_zero_shot","agr","item22",0.532516310752197
"persona_Mistral_7b_zero_shot","agr","item37",0.543685257022595
"persona_Mistral_7b_zero_shot","agr","item52",0.87642957328521
"persona_Mistral_7b_zero_shot","agr","item12",0.340025268420435
"persona_Mistral_7b_zero_shot","agr","item27",0.749515822285102
"persona_Mistral_7b_zero_shot","agr","item42",0.213849460202454
"persona_Mistral_7b_zero_shot","agr","item57",0.777451232227722
"persona_Mistral_7b_zero_shot","con","item3",0.466987487676869
"persona_Mistral_7b_zero_shot","con","item18",0.591365331334991
"persona_Mistral_7b_zero_shot","con","item33",0.670254366387691
"persona_Mistral_7b_zero_shot","con","item48",0.413142054740593
"persona_Mistral_7b_zero_shot","con","item8",0.543069897571476
"persona_Mistral_7b_zero_shot","con","item23",0.589404825771284
"persona_Mistral_7b_zero_shot","con","item38",0.821496961018923
"persona_Mistral_7b_zero_shot","con","item53",0.713019010284098
"persona_Mistral_7b_zero_shot","con","item13",0.926490664007066
"persona_Mistral_7b_zero_shot","con","item28",0.455258499009188
"persona_Mistral_7b_zero_shot","con","item43",0.974822085913821
"persona_Mistral_7b_zero_shot","con","item58",0.507117144190379
"persona_Mistral_7b_zero_shot","neu","item4",0.249467112475152
"persona_Mistral_7b_zero_shot","neu","item19",0.554936146227169
"persona_Mistral_7b_zero_shot","neu","item34",0.712765862455778
"persona_Mistral_7b_zero_shot","neu","item49",0.247397904970698
"persona_Mistral_7b_zero_shot","neu","item9",0.192844866482333
"persona_Mistral_7b_zero_shot","neu","item24",0.26901981931019
"persona_Mistral_7b_zero_shot","neu","item39",0.78934159393463
"persona_Mistral_7b_zero_shot","neu","item54",0.910213619260164
"persona_Mistral_7b_zero_shot","neu","item14",0.64020205462083
"persona_Mistral_7b_zero_shot","neu","item29",0.303596426058947
"persona_Mistral_7b_zero_shot","neu","item44",0.225480473351719
"persona_Mistral_7b_zero_shot","neu","item59",0.90006762985178
"persona_Mistral_7b_zero_shot","ope","item10",0.601568311310625
"persona_Mistral_7b_zero_shot","ope","item25",0.631306508592551
"persona_Mistral_7b_zero_shot","ope","item40",0.542155297935919
"persona_Mistral_7b_zero_shot","ope","item55",0.654014372180985
"persona_Mistral_7b_zero_shot","ope","item5",0.351075419298814
"persona_Mistral_7b_zero_shot","ope","item20",0.756264510419511
"persona_Mistral_7b_zero_shot","ope","item35",0.952251476132669
"persona_Mistral_7b_zero_shot","ope","item50",0.254578439091564
"persona_Mistral_7b_zero_shot","ope","item15",0.76258589085927
"persona_Mistral_7b_zero_shot","ope","item30",0.54043860797957
"persona_Mistral_7b_zero_shot","ope","item45",0.183308045255656
"persona_Mistral_7b_zero_shot","ope","item60",0.716623389198879
"psi_Gemma2_9b_zero_shot","ext","item1",0.785329787995271
"psi_Gemma2_9b_zero_shot","ext","item16",0.830761272808822
"psi_Gemma2_9b_zero_shot","ext","item31",0.714931833447414
"psi_Gemma2_9b_zero_shot","ext","item46",0.766974068605955
"psi_Gemma2_9b_zero_shot","ext","item6",0.71375719481004
"psi_Gemma2_9b_zero_shot","ext","item21",0.859538897583392
"psi_Gemma2_9b_zero_shot","ext","item36",0.371351737019036
"psi_Gemma2_9b_zero_shot","ext","item51",0.346861210785329
"psi_Gemma2_9b_zero_shot","ext","item11",0.0587337814140121
"psi_Gemma2_9b_zero_shot","ext","item26",-0.00202945401840506
"psi_Gemma2_9b_zero_shot","ext","item41",0.884397169325667
"psi_Gemma2_9b_zero_shot","ext","item56",0.822195341795701
"psi_Gemma2_9b_zero_shot","agr","item2",0.825093400848725
"psi_Gemma2_9b_zero_shot","agr","item17",0.550226258009063
"psi_Gemma2_9b_zero_shot","agr","item32",0.865653978415846
"psi_Gemma2_9b_zero_shot","agr","item47",0.802507481642348
"psi_Gemma2_9b_zero_shot","agr","item7",0.903587435052389
"psi_Gemma2_9b_zero_shot","agr","item22",0.0973881895500364
"psi_Gemma2_9b_zero_shot","agr","item37",0.497416715866303
"psi_Gemma2_9b_zero_shot","agr","item52",0.886136607115143
"psi_Gemma2_9b_zero_shot","agr","item12",-0.0133172994368964
"psi_Gemma2_9b_zero_shot","agr","item27",-0.806697749351647
"psi_Gemma2_9b_zero_shot","agr","item42",-0.512827111595856
"psi_Gemma2_9b_zero_shot","agr","item57",-0.84812730920316
"psi_Gemma2_9b_zero_shot","con","item3",0.246788338199712
"psi_Gemma2_9b_zero_shot","con","item18",0.818579170235846
"psi_Gemma2_9b_zero_shot","con","item33",0.387709435504022
"psi_Gemma2_9b_zero_shot","con","item48",0.133091470123775
"psi_Gemma2_9b_zero_shot","con","item8",0.474390875864652
"psi_Gemma2_9b_zero_shot","con","item23",0.567966137394064
"psi_Gemma2_9b_zero_shot","con","item38",0.798002018410607
"psi_Gemma2_9b_zero_shot","con","item53",0.723398399593965
"psi_Gemma2_9b_zero_shot","con","item13",0.94846980667678
"psi_Gemma2_9b_zero_shot","con","item28",0.354243610101348
"psi_Gemma2_9b_zero_shot","con","item43",0.942198198824236
"psi_Gemma2_9b_zero_shot","con","item58",0.627550652572122
"psi_Gemma2_9b_zero_shot","neu","item4",0.692156146069127
"psi_Gemma2_9b_zero_shot","neu","item19",0.713859258799751
"psi_Gemma2_9b_zero_shot","neu","item34",0.73504097872403
"psi_Gemma2_9b_zero_shot","neu","item49",0.733138663905601
"psi_Gemma2_9b_zero_shot","neu","item9",0.571891361159501
"psi_Gemma2_9b_zero_shot","neu","item24",0.633837366441108
"psi_Gemma2_9b_zero_shot","neu","item39",0.886482405308227
"psi_Gemma2_9b_zero_shot","neu","item54",0.949690032122701
"psi_Gemma2_9b_zero_shot","neu","item14",0.718811273790362
"psi_Gemma2_9b_zero_shot","neu","item29",0.794659318135155
"psi_Gemma2_9b_zero_shot","neu","item44",0.688780389291555
"psi_Gemma2_9b_zero_shot","neu","item59",0.398676302939468
"psi_Gemma2_9b_zero_shot","ope","item10",0.802628186209164
"psi_Gemma2_9b_zero_shot","ope","item25",0.548604094624904
"psi_Gemma2_9b_zero_shot","ope","item40",0.649440458375059
"psi_Gemma2_9b_zero_shot","ope","item55",0.444071683107923
"psi_Gemma2_9b_zero_shot","ope","item5",0.291612277466386
"psi_Gemma2_9b_zero_shot","ope","item20",-1.00517070393405
"psi_Gemma2_9b_zero_shot","ope","item35",-0.630002332750658
"psi_Gemma2_9b_zero_shot","ope","item50",0.099120797891869
"psi_Gemma2_9b_zero_shot","ope","item15",0.783928210666912
"psi_Gemma2_9b_zero_shot","ope","item30",-0.0816057686848455
"psi_Gemma2_9b_zero_shot","ope","item45",0.0371338731276296
"psi_Gemma2_9b_zero_shot","ope","item60",0.814223046309031
"psi_Gemma2_27b_zero_shot","ext","item1",0.6976481125128
"psi_Gemma2_27b_zero_shot","ext","item16",0.905809917199829
"psi_Gemma2_27b_zero_shot","ext","item31",0.837003596650062
"psi_Gemma2_27b_zero_shot","ext","item46",0.797449988441457
"psi_Gemma2_27b_zero_shot","ext","item6",0.584284506523826
"psi_Gemma2_27b_zero_shot","ext","item21",0.411389975043784
"psi_Gemma2_27b_zero_shot","ext","item36",0.736203577209187
"psi_Gemma2_27b_zero_shot","ext","item51",0.447702160139909
"psi_Gemma2_27b_zero_shot","ext","item11",0.798005264963587
"psi_Gemma2_27b_zero_shot","ext","item26",0.634706786654736
"psi_Gemma2_27b_zero_shot","ext","item41",0.845314431192335
"psi_Gemma2_27b_zero_shot","ext","item56",0.752632699709876
"psi_Gemma2_27b_zero_shot","agr","item2",0.742675815862918
"psi_Gemma2_27b_zero_shot","agr","item17",0.812859179629762
"psi_Gemma2_27b_zero_shot","agr","item32",0.733503132730893
"psi_Gemma2_27b_zero_shot","agr","item47",0.81306858475084
"psi_Gemma2_27b_zero_shot","agr","item7",0.933671889076341
"psi_Gemma2_27b_zero_shot","agr","item22",0.424052666128922
"psi_Gemma2_27b_zero_shot","agr","item37",0.704584561382631
"psi_Gemma2_27b_zero_shot","agr","item52",0.89004843087487
"psi_Gemma2_27b_zero_shot","agr","item12",0.804267668517749
"psi_Gemma2_27b_zero_shot","agr","item27",0.711501417773988
"psi_Gemma2_27b_zero_shot","agr","item42",0.81123512021548
"psi_Gemma2_27b_zero_shot","agr","item57",0.883857379929352
"psi_Gemma2_27b_zero_shot","con","item3",0.795912756724124
"psi_Gemma2_27b_zero_shot","con","item18",0.60305476672803
"psi_Gemma2_27b_zero_shot","con","item33",0.632996648859443
"psi_Gemma2_27b_zero_shot","con","item48",0.416439986560788
"psi_Gemma2_27b_zero_shot","con","item8",0.641116325522982
"psi_Gemma2_27b_zero_shot","con","item23",0.586027294996972
"psi_Gemma2_27b_zero_shot","con","item38",0.745359423764213
"psi_Gemma2_27b_zero_shot","con","item53",0.604420737970441
"psi_Gemma2_27b_zero_shot","con","item13",0.921182600673665
"psi_Gemma2_27b_zero_shot","con","item28",0.50620617446852
"psi_Gemma2_27b_zero_shot","con","item43",0.934855958950992
"psi_Gemma2_27b_zero_shot","con","item58",0.64781197068366
"psi_Gemma2_27b_zero_shot","neu","item4",0.67944175566097
"psi_Gemma2_27b_zero_shot","neu","item19",0.775435563613351
"psi_Gemma2_27b_zero_shot","neu","item34",0.627818726509801
"psi_Gemma2_27b_zero_shot","neu","item49",0.46031595004811
"psi_Gemma2_27b_zero_shot","neu","item9",0.423383216615262
"psi_Gemma2_27b_zero_shot","neu","item24",0.627233254270611
"psi_Gemma2_27b_zero_shot","neu","item39",0.924575514127716
"psi_Gemma2_27b_zero_shot","neu","item54",0.953278507967405
"psi_Gemma2_27b_zero_shot","neu","item14",0.879329847826926
"psi_Gemma2_27b_zero_shot","neu","item29",0.80559099576984
"psi_Gemma2_27b_zero_shot","neu","item44",0.712789071772721
"psi_Gemma2_27b_zero_shot","neu","item59",0.627692189571421
"psi_Gemma2_27b_zero_shot","ope","item10",0.814910010807622
"psi_Gemma2_27b_zero_shot","ope","item25",0.670786033190144
"psi_Gemma2_27b_zero_shot","ope","item40",0.731066999264856
"psi_Gemma2_27b_zero_shot","ope","item55",0.541555532873906
"psi_Gemma2_27b_zero_shot","ope","item5",0.884271750670524
"psi_Gemma2_27b_zero_shot","ope","item20",0.883501190779115
"psi_Gemma2_27b_zero_shot","ope","item35",0.945401616291095
"psi_Gemma2_27b_zero_shot","ope","item50",0.396148333465246
"psi_Gemma2_27b_zero_shot","ope","item15",0.601450219972933
"psi_Gemma2_27b_zero_shot","ope","item30",0.74118800158301
"psi_Gemma2_27b_zero_shot","ope","item45",0.551326299985816
"psi_Gemma2_27b_zero_shot","ope","item60",0.759861059916603
"psi_GPT4o_mini_zero_shot","ext","item1",0.852003322611583
"psi_GPT4o_mini_zero_shot","ext","item16",0.877190216730123
"psi_GPT4o_mini_zero_shot","ext","item31",0.882229079491695
"psi_GPT4o_mini_zero_shot","ext","item46",0.824904846145977
"psi_GPT4o_mini_zero_shot","ext","item6",0.782050332827482
"psi_GPT4o_mini_zero_shot","ext","item21",0.761933907763853
"psi_GPT4o_mini_zero_shot","ext","item36",0.716710926129414
"psi_GPT4o_mini_zero_shot","ext","item51",0.627253166002948
"psi_GPT4o_mini_zero_shot","ext","item11",0.762287868298402
"psi_GPT4o_mini_zero_shot","ext","item26",0.753509114758219
"psi_GPT4o_mini_zero_shot","ext","item41",0.889644635359146
"psi_GPT4o_mini_zero_shot","ext","item56",0.824767127409843
"psi_GPT4o_mini_zero_shot","agr","item2",0.840042805343953
"psi_GPT4o_mini_zero_shot","agr","item17",0.788994093675609
"psi_GPT4o_mini_zero_shot","agr","item32",0.814629256337443
"psi_GPT4o_mini_zero_shot","agr","item47",0.888049185763339
"psi_GPT4o_mini_zero_shot","agr","item7",0.852975983669173
"psi_GPT4o_mini_zero_shot","agr","item22",0.354348207910505
"psi_GPT4o_mini_zero_shot","agr","item37",0.761262681749429
"psi_GPT4o_mini_zero_shot","agr","item52",0.89162152909957
"psi_GPT4o_mini_zero_shot","agr","item12",0.685430733001326
"psi_GPT4o_mini_zero_shot","agr","item27",0.79508640356151
"psi_GPT4o_mini_zero_shot","agr","item42",0.813719440221878
"psi_GPT4o_mini_zero_shot","agr","item57",0.905051521947597
"psi_GPT4o_mini_zero_shot","con","item3",0.835243009716985
"psi_GPT4o_mini_zero_shot","con","item18",0.789807627092827
"psi_GPT4o_mini_zero_shot","con","item33",0.748714246370725
"psi_GPT4o_mini_zero_shot","con","item48",0.731623685527644
"psi_GPT4o_mini_zero_shot","con","item8",0.821967680807463
"psi_GPT4o_mini_zero_shot","con","item23",0.679697562670848
"psi_GPT4o_mini_zero_shot","con","item38",0.855661422839184
"psi_GPT4o_mini_zero_shot","con","item53",0.753695338956682
"psi_GPT4o_mini_zero_shot","con","item13",0.808560347254195
"psi_GPT4o_mini_zero_shot","con","item28",0.773898226471596
"psi_GPT4o_mini_zero_shot","con","item43",0.78785430613965
"psi_GPT4o_mini_zero_shot","con","item58",0.783656026450302
"psi_GPT4o_mini_zero_shot","neu","item4",0.837201124716179
"psi_GPT4o_mini_zero_shot","neu","item19",0.859837233957829
"psi_GPT4o_mini_zero_shot","neu","item34",0.839537546196608
"psi_GPT4o_mini_zero_shot","neu","item49",0.699271164804086
"psi_GPT4o_mini_zero_shot","neu","item9",0.634318041221849
"psi_GPT4o_mini_zero_shot","neu","item24",0.810628635872244
"psi_GPT4o_mini_zero_shot","neu","item39",0.922884701148406
"psi_GPT4o_mini_zero_shot","neu","item54",0.951309554242936
"psi_GPT4o_mini_zero_shot","neu","item14",0.803149507764469
"psi_GPT4o_mini_zero_shot","neu","item29",0.926194223944642
"psi_GPT4o_mini_zero_shot","neu","item44",0.770598622840591
"psi_GPT4o_mini_zero_shot","neu","item59",0.691794609229496
"psi_GPT4o_mini_zero_shot","ope","item10",0.80424064155471
"psi_GPT4o_mini_zero_shot","ope","item25",0.774849928506011
"psi_GPT4o_mini_zero_shot","ope","item40",0.812436155833667
"psi_GPT4o_mini_zero_shot","ope","item55",0.85885807447437
"psi_GPT4o_mini_zero_shot","ope","item5",0.9038082509005
"psi_GPT4o_mini_zero_shot","ope","item20",0.849527340996762
"psi_GPT4o_mini_zero_shot","ope","item35",0.890413024184246
"psi_GPT4o_mini_zero_shot","ope","item50",0.507350274310218
"psi_GPT4o_mini_zero_shot","ope","item15",0.701515204807339
"psi_GPT4o_mini_zero_shot","ope","item30",0.86102615674382
"psi_GPT4o_mini_zero_shot","ope","item45",0.784937573249427
"psi_GPT4o_mini_zero_shot","ope","item60",0.811044726756304
"psi_GPT4o_zero_shot","ext","item1",0.869194119483389
"psi_GPT4o_zero_shot","ext","item16",0.843640394229924
"psi_GPT4o_zero_shot","ext","item31",0.904352412593271
"psi_GPT4o_zero_shot","ext","item46",0.762890740606607
"psi_GPT4o_zero_shot","ext","item6",0.762056563677572
"psi_GPT4o_zero_shot","ext","item21",0.788377227388451
"psi_GPT4o_zero_shot","ext","item36",0.777626162138912
"psi_GPT4o_zero_shot","ext","item51",0.556910621592712
"psi_GPT4o_zero_shot","ext","item11",0.81885970202916
"psi_GPT4o_zero_shot","ext","item26",0.748583574168464
"psi_GPT4o_zero_shot","ext","item41",0.88316566663287
"psi_GPT4o_zero_shot","ext","item56",0.817292258578357
"psi_GPT4o_zero_shot","agr","item2",0.834117548775876
"psi_GPT4o_zero_shot","agr","item17",0.772713686049203
"psi_GPT4o_zero_shot","agr","item32",0.793003080565262
"psi_GPT4o_zero_shot","agr","item47",0.885093487814738
"psi_GPT4o_zero_shot","agr","item7",0.906997734959805
"psi_GPT4o_zero_shot","agr","item22",0.440365512114932
"psi_GPT4o_zero_shot","agr","item37",0.778371241758751
"psi_GPT4o_zero_shot","agr","item52",0.87385660932996
"psi_GPT4o_zero_shot","agr","item12",0.763307109743271
"psi_GPT4o_zero_shot","agr","item27",0.800347776931474
"psi_GPT4o_zero_shot","agr","item42",0.795155526309387
"psi_GPT4o_zero_shot","agr","item57",0.887796955212875
"psi_GPT4o_zero_shot","con","item3",0.840052859296486
"psi_GPT4o_zero_shot","con","item18",0.835334099461223
"psi_GPT4o_zero_shot","con","item33",0.751416364961981
"psi_GPT4o_zero_shot","con","item48",0.71941372161395
"psi_GPT4o_zero_shot","con","item8",0.786230871411479
"psi_GPT4o_zero_shot","con","item23",0.788432916700345
"psi_GPT4o_zero_shot","con","item38",0.867950416246951
"psi_GPT4o_zero_shot","con","item53",0.714144108981446
"psi_GPT4o_zero_shot","con","item13",0.830887721460154
"psi_GPT4o_zero_shot","con","item28",0.777599602632984
"psi_GPT4o_zero_shot","con","item43",0.842887147484085
"psi_GPT4o_zero_shot","con","item58",0.775523156253843
"psi_GPT4o_zero_shot","neu","item4",0.849148802395853
"psi_GPT4o_zero_shot","neu","item19",0.873353784833819
"psi_GPT4o_zero_shot","neu","item34",0.802131047441193
"psi_GPT4o_zero_shot","neu","item49",0.681992105883515
"psi_GPT4o_zero_shot","neu","item9",0.691636142209417
"psi_GPT4o_zero_shot","neu","item24",0.830879234892749
"psi_GPT4o_zero_shot","neu","item39",0.926464546122431
"psi_GPT4o_zero_shot","neu","item54",0.948956180983128
"psi_GPT4o_zero_shot","neu","item14",0.777067325013159
"psi_GPT4o_zero_shot","neu","item29",0.922932706668337
"psi_GPT4o_zero_shot","neu","item44",0.747172437883384
"psi_GPT4o_zero_shot","neu","item59",0.722913663220447
"psi_GPT4o_zero_shot","ope","item10",0.755289538575899
"psi_GPT4o_zero_shot","ope","item25",0.839334169950632
"psi_GPT4o_zero_shot","ope","item40",0.811397125881514
"psi_GPT4o_zero_shot","ope","item55",0.888507708219767
"psi_GPT4o_zero_shot","ope","item5",0.869183322541972
"psi_GPT4o_zero_shot","ope","item20",0.84588392265708
"psi_GPT4o_zero_shot","ope","item35",0.897762363254967
"psi_GPT4o_zero_shot","ope","item50",0.635724610108258
"psi_GPT4o_zero_shot","ope","item15",0.659218563191454
"psi_GPT4o_zero_shot","ope","item30",0.879254270445317
"psi_GPT4o_zero_shot","ope","item45",0.880243806459648
"psi_GPT4o_zero_shot","ope","item60",0.791985120832946
"psi_Llama3_8b_zero_shot","ext","item1",0.819359565474156
"psi_Llama3_8b_zero_shot","ext","item16",0.711179857532753
"psi_Llama3_8b_zero_shot","ext","item31",0.772997210751604
"psi_Llama3_8b_zero_shot","ext","item46",0.781386437827101
"psi_Llama3_8b_zero_shot","ext","item6",0.800578900362872
"psi_Llama3_8b_zero_shot","ext","item21",0.776215933881052
"psi_Llama3_8b_zero_shot","ext","item36",0.495955264642778
"psi_Llama3_8b_zero_shot","ext","item51",0.427934089319594
"psi_Llama3_8b_zero_shot","ext","item11",0.77198063107262
"psi_Llama3_8b_zero_shot","ext","item26",0.619990761687748
"psi_Llama3_8b_zero_shot","ext","item41",0.833404818866431
"psi_Llama3_8b_zero_shot","ext","item56",0.795421593323719
"psi_Llama3_8b_zero_shot","agr","item2",0.796384021524152
"psi_Llama3_8b_zero_shot","agr","item17",0.462991834644775
"psi_Llama3_8b_zero_shot","agr","item32",0.749229916524419
"psi_Llama3_8b_zero_shot","agr","item47",0.624740935104732
"psi_Llama3_8b_zero_shot","agr","item7",0.897254736143802
"psi_Llama3_8b_zero_shot","agr","item22",0.256476676437932
"psi_Llama3_8b_zero_shot","agr","item37",0.505789626003002
"psi_Llama3_8b_zero_shot","agr","item52",0.81967950670993
"psi_Llama3_8b_zero_shot","agr","item12",0.383108667158373
"psi_Llama3_8b_zero_shot","agr","item27",0.793831275390864
"psi_Llama3_8b_zero_shot","agr","item42",0.557890440035566
"psi_Llama3_8b_zero_shot","agr","item57",0.860759937605769
"psi_Llama3_8b_zero_shot","con","item3",0.331505576532742
"psi_Llama3_8b_zero_shot","con","item18",0.894149041478405
"psi_Llama3_8b_zero_shot","con","item33",0.733413475570869
"psi_Llama3_8b_zero_shot","con","item48",0.264248778158001
"psi_Llama3_8b_zero_shot","con","item8",0.653869330397306
"psi_Llama3_8b_zero_shot","con","item23",0.616706893008831
"psi_Llama3_8b_zero_shot","con","item38",0.789463774529993
"psi_Llama3_8b_zero_shot","con","item53",0.734041695959761
"psi_Llama3_8b_zero_shot","con","item13",0.877584948050045
"psi_Llama3_8b_zero_shot","con","item28",0.520377143593883
"psi_Llama3_8b_zero_shot","con","item43",0.886304891232402
"psi_Llama3_8b_zero_shot","con","item58",0.500149157202162
"psi_Llama3_8b_zero_shot","neu","item4",0.713918879337192
"psi_Llama3_8b_zero_shot","neu","item19",0.783286922525793
"psi_Llama3_8b_zero_shot","neu","item34",0.774111499945969
"psi_Llama3_8b_zero_shot","neu","item49",0.636965351151561
"psi_Llama3_8b_zero_shot","neu","item9",0.564655090383119
"psi_Llama3_8b_zero_shot","neu","item24",0.667896604280409
"psi_Llama3_8b_zero_shot","neu","item39",0.840219583274603
"psi_Llama3_8b_zero_shot","neu","item54",0.85624207135651
"psi_Llama3_8b_zero_shot","neu","item14",0.630377456604428
"psi_Llama3_8b_zero_shot","neu","item29",0.865437652524293
"psi_Llama3_8b_zero_shot","neu","item44",0.565164271357487
"psi_Llama3_8b_zero_shot","neu","item59",0.669675046248557
"psi_Llama3_8b_zero_shot","ope","item10",0.722811345027131
"psi_Llama3_8b_zero_shot","ope","item25",0.77362186232635
"psi_Llama3_8b_zero_shot","ope","item40",0.726534604158904
"psi_Llama3_8b_zero_shot","ope","item55",0.794736052333742
"psi_Llama3_8b_zero_shot","ope","item5",0.817603410528697
"psi_Llama3_8b_zero_shot","ope","item20",0.880968227777506
"psi_Llama3_8b_zero_shot","ope","item35",0.90909678115214
"psi_Llama3_8b_zero_shot","ope","item50",0.406874027704615
"psi_Llama3_8b_zero_shot","ope","item15",0.616525024572819
"psi_Llama3_8b_zero_shot","ope","item30",0.777865181519809
"psi_Llama3_8b_zero_shot","ope","item45",0.804438978112295
"psi_Llama3_8b_zero_shot","ope","item60",0.590115226861645
"psi_Llama3_70b_zero_shot","ext","item1",0.649960039294929
"psi_Llama3_70b_zero_shot","ext","item16",0.862266855183491
"psi_Llama3_70b_zero_shot","ext","item31",0.735086981216498
"psi_Llama3_70b_zero_shot","ext","item46",0.688967377198091
"psi_Llama3_70b_zero_shot","ext","item6",0.494217572223229
"psi_Llama3_70b_zero_shot","ext","item21",0.529874622980618
"psi_Llama3_70b_zero_shot","ext","item36",0.585136346705163
"psi_Llama3_70b_zero_shot","ext","item51",0.282076103220929
"psi_Llama3_70b_zero_shot","ext","item11",0.638098874152444
"psi_Llama3_70b_zero_shot","ext","item26",0.503668542828224
"psi_Llama3_70b_zero_shot","ext","item41",0.720373442116857
"psi_Llama3_70b_zero_shot","ext","item56",0.838991323389175
"psi_Llama3_70b_zero_shot","agr","item2",0.841030522289202
"psi_Llama3_70b_zero_shot","agr","item17",0.47918968821393
"psi_Llama3_70b_zero_shot","agr","item32",0.790472119362558
"psi_Llama3_70b_zero_shot","agr","item47",0.864172109765344
"psi_Llama3_70b_zero_shot","agr","item7",0.916031411779868
"psi_Llama3_70b_zero_shot","agr","item22",0.48026399925869
"psi_Llama3_70b_zero_shot","agr","item37",0.836640730253607
"psi_Llama3_70b_zero_shot","agr","item52",0.895647168984288
"psi_Llama3_70b_zero_shot","agr","item12",0.663665442229656
"psi_Llama3_70b_zero_shot","agr","item27",0.851868451369729
"psi_Llama3_70b_zero_shot","agr","item42",0.80405264764885
"psi_Llama3_70b_zero_shot","agr","item57",0.870443727136996
"psi_Llama3_70b_zero_shot","con","item3",0.831526726155304
"psi_Llama3_70b_zero_shot","con","item18",0.64903400960173
"psi_Llama3_70b_zero_shot","con","item33",0.748506468691695
"psi_Llama3_70b_zero_shot","con","item48",0.757319122187372
"psi_Llama3_70b_zero_shot","con","item8",0.785954083905091
"psi_Llama3_70b_zero_shot","con","item23",0.431151763328984
"psi_Llama3_70b_zero_shot","con","item38",0.739917800324673
"psi_Llama3_70b_zero_shot","con","item53",0.777122721579077
"psi_Llama3_70b_zero_shot","con","item13",0.809521885479681
"psi_Llama3_70b_zero_shot","con","item28",0.742853721233011
"psi_Llama3_70b_zero_shot","con","item43",0.820255742949351
"psi_Llama3_70b_zero_shot","con","item58",0.843456394128375
"psi_Llama3_70b_zero_shot","neu","item4",0.790769755902985
"psi_Llama3_70b_zero_shot","neu","item19",0.644199108351253
"psi_Llama3_70b_zero_shot","neu","item34",0.756869940420614
"psi_Llama3_70b_zero_shot","neu","item49",0.589155443700563
"psi_Llama3_70b_zero_shot","neu","item9",0.61374370147159
"psi_Llama3_70b_zero_shot","neu","item24",0.797608952940766
"psi_Llama3_70b_zero_shot","neu","item39",0.891515980204842
"psi_Llama3_70b_zero_shot","neu","item54",0.939768976533992
"psi_Llama3_70b_zero_shot","neu","item14",0.855462456709066
"psi_Llama3_70b_zero_shot","neu","item29",0.908147556965789
"psi_Llama3_70b_zero_shot","neu","item44",0.826171645121557
"psi_Llama3_70b_zero_shot","neu","item59",0.744484259369886
"psi_Llama3_70b_zero_shot","ope","item10",0.813653951666572
"psi_Llama3_70b_zero_shot","ope","item25",0.638685931332993
"psi_Llama3_70b_zero_shot","ope","item40",0.779619060123746
"psi_Llama3_70b_zero_shot","ope","item55",0.573954109726635
"psi_Llama3_70b_zero_shot","ope","item5",0.874278583234724
"psi_Llama3_70b_zero_shot","ope","item20",0.838656628809884
"psi_Llama3_70b_zero_shot","ope","item35",0.935147711541654
"psi_Llama3_70b_zero_shot","ope","item50",0.325290338055945
"psi_Llama3_70b_zero_shot","ope","item15",0.849841357315767
"psi_Llama3_70b_zero_shot","ope","item30",0.602683594120608
"psi_Llama3_70b_zero_shot","ope","item45",0.368806154077727
"psi_Llama3_70b_zero_shot","ope","item60",0.950362702487765
"psi_Mistral_7b_zero_shot","ext","item1",0.772731136943289
"psi_Mistral_7b_zero_shot","ext","item16",0.729013643435748
"psi_Mistral_7b_zero_shot","ext","item31",0.722568946255577
"psi_Mistral_7b_zero_shot","ext","item46",0.813042325562017
"psi_Mistral_7b_zero_shot","ext","item6",0.847732569673736
"psi_Mistral_7b_zero_shot","ext","item21",0.630206497698211
"psi_Mistral_7b_zero_shot","ext","item36",0.335281581631005
"psi_Mistral_7b_zero_shot","ext","item51",0.347169275322064
"psi_Mistral_7b_zero_shot","ext","item11",0.305100432029259
"psi_Mistral_7b_zero_shot","ext","item26",0.53861041389802
"psi_Mistral_7b_zero_shot","ext","item41",0.867870256938127
"psi_Mistral_7b_zero_shot","ext","item56",0.794281869008111
"psi_Mistral_7b_zero_shot","agr","item2",0.78174857619164
"psi_Mistral_7b_zero_shot","agr","item17",0.441809626125527
"psi_Mistral_7b_zero_shot","agr","item32",0.861256537977968
"psi_Mistral_7b_zero_shot","agr","item47",0.725743806586794
"psi_Mistral_7b_zero_shot","agr","item7",0.920063634357666
"psi_Mistral_7b_zero_shot","agr","item22",0.364127564222263
"psi_Mistral_7b_zero_shot","agr","item37",0.695624024209417
"psi_Mistral_7b_zero_shot","agr","item52",0.928197511780208
"psi_Mistral_7b_zero_shot","agr","item12",0.395736669663682
"psi_Mistral_7b_zero_shot","agr","item27",0.784910546336038
"psi_Mistral_7b_zero_shot","agr","item42",0.668025134042362
"psi_Mistral_7b_zero_shot","agr","item57",0.8374639647349
"psi_Mistral_7b_zero_shot","con","item3",0.732909871169858
"psi_Mistral_7b_zero_shot","con","item18",0.584878375134511
"psi_Mistral_7b_zero_shot","con","item33",0.416284150479761
"psi_Mistral_7b_zero_shot","con","item48",0.595664845454957
"psi_Mistral_7b_zero_shot","con","item8",0.742151103507678
"psi_Mistral_7b_zero_shot","con","item23",0.60205223980472
"psi_Mistral_7b_zero_shot","con","item38",0.704288557620141
"psi_Mistral_7b_zero_shot","con","item53",0.737649710774052
"psi_Mistral_7b_zero_shot","con","item13",0.930817237273087
"psi_Mistral_7b_zero_shot","con","item28",0.597206050980561
"psi_Mistral_7b_zero_shot","con","item43",0.930982476436044
"psi_Mistral_7b_zero_shot","con","item58",0.606730637578251
"psi_Mistral_7b_zero_shot","neu","item4",0.69261066986593
"psi_Mistral_7b_zero_shot","neu","item19",0.592948665228239
"psi_Mistral_7b_zero_shot","neu","item34",0.627753207462671
"psi_Mistral_7b_zero_shot","neu","item49",0.752480933592279
"psi_Mistral_7b_zero_shot","neu","item9",0.641394674877032
"psi_Mistral_7b_zero_shot","neu","item24",0.78605719055712
"psi_Mistral_7b_zero_shot","neu","item39",0.764943839375251
"psi_Mistral_7b_zero_shot","neu","item54",0.816666646273994
"psi_Mistral_7b_zero_shot","neu","item14",0.774399848187885
"psi_Mistral_7b_zero_shot","neu","item29",0.867766205952472
"psi_Mistral_7b_zero_shot","neu","item44",0.627317077078144
"psi_Mistral_7b_zero_shot","neu","item59",0.68545017896921
"psi_Mistral_7b_zero_shot","ope","item10",0.778255208267238
"psi_Mistral_7b_zero_shot","ope","item25",0.190535014031057
"psi_Mistral_7b_zero_shot","ope","item40",0.683753097697557
"psi_Mistral_7b_zero_shot","ope","item55",0.136828053133367
"psi_Mistral_7b_zero_shot","ope","item5",0.408238136433119
"psi_Mistral_7b_zero_shot","ope","item20",0.891485184693743
"psi_Mistral_7b_zero_shot","ope","item35",0.788062701074824
"psi_Mistral_7b_zero_shot","ope","item50",0.184243025845596
"psi_Mistral_7b_zero_shot","ope","item15",0.854966180843172
"psi_Mistral_7b_zero_shot","ope","item30",0.341692773949677
"psi_Mistral_7b_zero_shot","ope","item45",0.0608246530123842
"psi_Mistral_7b_zero_shot","ope","item60",0.910664697276785
"shape_Gemma2_9b_zero_shot","ext","item1",0.712131278579317
"shape_Gemma2_9b_zero_shot","ext","item16",0.898755377528524
"shape_Gemma2_9b_zero_shot","ext","item31",0.800887256151198
"shape_Gemma2_9b_zero_shot","ext","item46",0.41369973600228
"shape_Gemma2_9b_zero_shot","ext","item6",0.696949084590902
"shape_Gemma2_9b_zero_shot","ext","item21",0.200379472597266
"shape_Gemma2_9b_zero_shot","ext","item36",0.808672897218263
"shape_Gemma2_9b_zero_shot","ext","item51",0.809015527744702
"shape_Gemma2_9b_zero_shot","ext","item11",0.843739393402288
"shape_Gemma2_9b_zero_shot","ext","item26",0.915050624235467
"shape_Gemma2_9b_zero_shot","ext","item41",0.836160571620676
"shape_Gemma2_9b_zero_shot","ext","item56",0.855944660857488
"shape_Gemma2_9b_zero_shot","agr","item2",0.859722378344428
"shape_Gemma2_9b_zero_shot","agr","item17",0.917129642784615
"shape_Gemma2_9b_zero_shot","agr","item32",0.930309919392591
"shape_Gemma2_9b_zero_shot","agr","item47",0.957593282338296
"shape_Gemma2_9b_zero_shot","agr","item7",0.980261785131466
"shape_Gemma2_9b_zero_shot","agr","item22",0.826768301912584
"shape_Gemma2_9b_zero_shot","agr","item37",0.909585241941765
"shape_Gemma2_9b_zero_shot","agr","item52",0.970774966757476
"shape_Gemma2_9b_zero_shot","agr","item12",0.948051989597642
"shape_Gemma2_9b_zero_shot","agr","item27",0.870975898053378
"shape_Gemma2_9b_zero_shot","agr","item42",0.95134665268984
"shape_Gemma2_9b_zero_shot","agr","item57",0.897502744736372
"shape_Gemma2_9b_zero_shot","con","item3",0.767635142638821
"shape_Gemma2_9b_zero_shot","con","item18",0.647122577626054
"shape_Gemma2_9b_zero_shot","con","item33",0.664253082181302
"shape_Gemma2_9b_zero_shot","con","item48",0.783545852948118
"shape_Gemma2_9b_zero_shot","con","item8",0.843548820539661
"shape_Gemma2_9b_zero_shot","con","item23",0.945933413950189
"shape_Gemma2_9b_zero_shot","con","item38",0.898775481467264
"shape_Gemma2_9b_zero_shot","con","item53",0.91117129262882
"shape_Gemma2_9b_zero_shot","con","item13",0.825879791499052
"shape_Gemma2_9b_zero_shot","con","item28",0.724817153599749
"shape_Gemma2_9b_zero_shot","con","item43",0.773158328810506
"shape_Gemma2_9b_zero_shot","con","item58",0.920591612583603
"shape_Gemma2_9b_zero_shot","neu","item4",0.581366438288933
"shape_Gemma2_9b_zero_shot","neu","item19",0.83344273582066
"shape_Gemma2_9b_zero_shot","neu","item34",0.884176395877068
"shape_Gemma2_9b_zero_shot","neu","item49",0.175232764719332
"shape_Gemma2_9b_zero_shot","neu","item9",0.738998081475879
"shape_Gemma2_9b_zero_shot","neu","item24",0.7961716119545
"shape_Gemma2_9b_zero_shot","neu","item39",0.852910518964801
"shape_Gemma2_9b_zero_shot","neu","item54",0.945943540593373
"shape_Gemma2_9b_zero_shot","neu","item14",0.960312428828569
"shape_Gemma2_9b_zero_shot","neu","item29",0.571066464870039
"shape_Gemma2_9b_zero_shot","neu","item44",0.202213945411981
"shape_Gemma2_9b_zero_shot","neu","item59",0.894932813727797
"shape_Gemma2_9b_zero_shot","ope","item10",0.897402554263261
"shape_Gemma2_9b_zero_shot","ope","item25",0.897449951909348
"shape_Gemma2_9b_zero_shot","ope","item40",0.665464181272731
"shape_Gemma2_9b_zero_shot","ope","item55",0.894831072701534
"shape_Gemma2_9b_zero_shot","ope","item5",0.846458615816244
"shape_Gemma2_9b_zero_shot","ope","item20",0.861749078805904
"shape_Gemma2_9b_zero_shot","ope","item35",0.882564867205421
"shape_Gemma2_9b_zero_shot","ope","item50",0.894752920664735
"shape_Gemma2_9b_zero_shot","ope","item15",0.823360617860435
"shape_Gemma2_9b_zero_shot","ope","item30",0.928919222941935
"shape_Gemma2_9b_zero_shot","ope","item45",0.85949592821656
"shape_Gemma2_9b_zero_shot","ope","item60",0.778932386598535
"shape_Gemma2_27b_zero_shot","ext","item1",0.844533038423777
"shape_Gemma2_27b_zero_shot","ext","item16",0.873328492706161
"shape_Gemma2_27b_zero_shot","ext","item31",0.771157053192801
"shape_Gemma2_27b_zero_shot","ext","item46",0.797678236404746
"shape_Gemma2_27b_zero_shot","ext","item6",0.986626251506031
"shape_Gemma2_27b_zero_shot","ext","item21",0.84251909933415
"shape_Gemma2_27b_zero_shot","ext","item36",0.801840252009911
"shape_Gemma2_27b_zero_shot","ext","item51",0.517598428581405
"shape_Gemma2_27b_zero_shot","ext","item11",0.913928747397479
"shape_Gemma2_27b_zero_shot","ext","item26",0.839339111171789
"shape_Gemma2_27b_zero_shot","ext","item41",0.902359139157273
"shape_Gemma2_27b_zero_shot","ext","item56",0.898079795179069
"shape_Gemma2_27b_zero_shot","agr","item2",0.847357748489921
"shape_Gemma2_27b_zero_shot","agr","item17",0.903524646430282
"shape_Gemma2_27b_zero_shot","agr","item32",0.928542269133434
"shape_Gemma2_27b_zero_shot","agr","item47",0.961774261446709
"shape_Gemma2_27b_zero_shot","agr","item7",0.960470119565937
"shape_Gemma2_27b_zero_shot","agr","item22",0.829134110227548
"shape_Gemma2_27b_zero_shot","agr","item37",0.869617720960489
"shape_Gemma2_27b_zero_shot","agr","item52",0.992776976641755
"shape_Gemma2_27b_zero_shot","agr","item12",0.956436702546603
"shape_Gemma2_27b_zero_shot","agr","item27",0.799554247363175
"shape_Gemma2_27b_zero_shot","agr","item42",0.962516233209366
"shape_Gemma2_27b_zero_shot","agr","item57",0.861430207743052
"shape_Gemma2_27b_zero_shot","con","item3",0.931396252803216
"shape_Gemma2_27b_zero_shot","con","item18",0.543104671354731
"shape_Gemma2_27b_zero_shot","con","item33",0.639784364639032
"shape_Gemma2_27b_zero_shot","con","item48",0.883450380239655
"shape_Gemma2_27b_zero_shot","con","item8",0.820641432980267
"shape_Gemma2_27b_zero_shot","con","item23",0.921140461842507
"shape_Gemma2_27b_zero_shot","con","item38",0.91380147603115
"shape_Gemma2_27b_zero_shot","con","item53",0.919422098558459
"shape_Gemma2_27b_zero_shot","con","item13",0.935001817194309
"shape_Gemma2_27b_zero_shot","con","item28",0.740234007611023
"shape_Gemma2_27b_zero_shot","con","item43",0.921366261925617
"shape_Gemma2_27b_zero_shot","con","item58",0.849611006381362
"shape_Gemma2_27b_zero_shot","neu","item4",0.658727299421279
"shape_Gemma2_27b_zero_shot","neu","item19",0.910372323239481
"shape_Gemma2_27b_zero_shot","neu","item34",0.889669092387173
"shape_Gemma2_27b_zero_shot","neu","item49",-0.0775956382992118
"shape_Gemma2_27b_zero_shot","neu","item9",0.877287500242951
"shape_Gemma2_27b_zero_shot","neu","item24",0.913847086185492
"shape_Gemma2_27b_zero_shot","neu","item39",0.934707691121469
"shape_Gemma2_27b_zero_shot","neu","item54",0.975734611078929
"shape_Gemma2_27b_zero_shot","neu","item14",0.989401669285742
"shape_Gemma2_27b_zero_shot","neu","item29",0.710158142356457
"shape_Gemma2_27b_zero_shot","neu","item44",0.538464580558068
"shape_Gemma2_27b_zero_shot","neu","item59",0.909600944441411
"shape_Gemma2_27b_zero_shot","ope","item10",0.873180935479472
"shape_Gemma2_27b_zero_shot","ope","item25",0.946925775452674
"shape_Gemma2_27b_zero_shot","ope","item40",0.351135335030892
"shape_Gemma2_27b_zero_shot","ope","item55",0.931992833542943
"shape_Gemma2_27b_zero_shot","ope","item5",0.851690852376769
"shape_Gemma2_27b_zero_shot","ope","item20",0.834136975952668
"shape_Gemma2_27b_zero_shot","ope","item35",0.851980951993821
"shape_Gemma2_27b_zero_shot","ope","item50",0.929387598843769
"shape_Gemma2_27b_zero_shot","ope","item15",0.872715146920724
"shape_Gemma2_27b_zero_shot","ope","item30",0.969490863326758
"shape_Gemma2_27b_zero_shot","ope","item45",0.945542282324825
"shape_Gemma2_27b_zero_shot","ope","item60",0.746180965726122
"shape_GPT4o_mini_zero_shot","ext","item1",0.879834026235871
"shape_GPT4o_mini_zero_shot","ext","item16",0.330489585877147
"shape_GPT4o_mini_zero_shot","ext","item31",0.373313277127656
"shape_GPT4o_mini_zero_shot","ext","item46",0.860463887646631
"shape_GPT4o_mini_zero_shot","ext","item6",0.985022604055159
"shape_GPT4o_mini_zero_shot","ext","item21",0.855827147404602
"shape_GPT4o_mini_zero_shot","ext","item36",0.282235636584667
"shape_GPT4o_mini_zero_shot","ext","item51",0.367616899518689
"shape_GPT4o_mini_zero_shot","ext","item11",0.548987457915268
"shape_GPT4o_mini_zero_shot","ext","item26",0.482579063702206
"shape_GPT4o_mini_zero_shot","ext","item41",0.892527709230922
"shape_GPT4o_mini_zero_shot","ext","item56",0.86967975519733
"shape_GPT4o_mini_zero_shot","agr","item2",0.522049421227149
"shape_GPT4o_mini_zero_shot","agr","item17",0.955894678348713
"shape_GPT4o_mini_zero_shot","agr","item32",0.690669840686072
"shape_GPT4o_mini_zero_shot","agr","item47",0.975862524695762
"shape_GPT4o_mini_zero_shot","agr","item7",0.642954961280064
"shape_GPT4o_mini_zero_shot","agr","item22",0.840197715426891
"shape_GPT4o_mini_zero_shot","agr","item37",0.967167100695149
"shape_GPT4o_mini_zero_shot","agr","item52",0.615664308302706
"shape_GPT4o_mini_zero_shot","agr","item12",0.936701151237039
"shape_GPT4o_mini_zero_shot","agr","item27",0.606778140459717
"shape_GPT4o_mini_zero_shot","agr","item42",0.938017449805971
"shape_GPT4o_mini_zero_shot","agr","item57",0.438111471144124
"shape_GPT4o_mini_zero_shot","con","item3",0.847639353454993
"shape_GPT4o_mini_zero_shot","con","item18",0.268664859826516
"shape_GPT4o_mini_zero_shot","con","item33",0.316354753868619
"shape_GPT4o_mini_zero_shot","con","item48",0.84900681974799
"shape_GPT4o_mini_zero_shot","con","item8",0.886754930183717
"shape_GPT4o_mini_zero_shot","con","item23",0.810400673065805
"shape_GPT4o_mini_zero_shot","con","item38",0.477489172056669
"shape_GPT4o_mini_zero_shot","con","item53",0.635664556639217
"shape_GPT4o_mini_zero_shot","con","item13",0.455360224980955
"shape_GPT4o_mini_zero_shot","con","item28",0.858224022129576
"shape_GPT4o_mini_zero_shot","con","item43",0.523312548681809
"shape_GPT4o_mini_zero_shot","con","item58",0.851622978900022
"shape_GPT4o_mini_zero_shot","neu","item4",0.270157147714322
"shape_GPT4o_mini_zero_shot","neu","item19",0.794852558724636
"shape_GPT4o_mini_zero_shot","neu","item34",0.92333950699837
"shape_GPT4o_mini_zero_shot","neu","item49",0.152531794739781
"shape_GPT4o_mini_zero_shot","neu","item9",0.503810762488086
"shape_GPT4o_mini_zero_shot","neu","item24",0.543398043709094
"shape_GPT4o_mini_zero_shot","neu","item39",0.900048529721117
"shape_GPT4o_mini_zero_shot","neu","item54",0.895378586071169
"shape_GPT4o_mini_zero_shot","neu","item14",0.845032277170876
"shape_GPT4o_mini_zero_shot","neu","item29",0.574979272592479
"shape_GPT4o_mini_zero_shot","neu","item44",0.375183421115044
"shape_GPT4o_mini_zero_shot","neu","item59",0.735127623570798
"shape_GPT4o_mini_zero_shot","ope","item10",0.61176813043457
"shape_GPT4o_mini_zero_shot","ope","item25",0.8703455066847
"shape_GPT4o_mini_zero_shot","ope","item40",0.230917570375593
"shape_GPT4o_mini_zero_shot","ope","item55",0.862533270564871
"shape_GPT4o_mini_zero_shot","ope","item5",0.910282032607253
"shape_GPT4o_mini_zero_shot","ope","item20",0.561310793310118
"shape_GPT4o_mini_zero_shot","ope","item35",0.600127050150949
"shape_GPT4o_mini_zero_shot","ope","item50",0.956100380862016
"shape_GPT4o_mini_zero_shot","ope","item15",0.468976119713398
"shape_GPT4o_mini_zero_shot","ope","item30",0.966335454520806
"shape_GPT4o_mini_zero_shot","ope","item45",0.872528511846739
"shape_GPT4o_mini_zero_shot","ope","item60",0.31597696923116
"shape_GPT4o_zero_shot","ext","item1",0.850727963883582
"shape_GPT4o_zero_shot","ext","item16",0.740443620918596
"shape_GPT4o_zero_shot","ext","item31",0.731395692351282
"shape_GPT4o_zero_shot","ext","item46",0.846345311856009
"shape_GPT4o_zero_shot","ext","item6",0.93512860130103
"shape_GPT4o_zero_shot","ext","item21",0.904608724797808
"shape_GPT4o_zero_shot","ext","item36",0.839531749357497
"shape_GPT4o_zero_shot","ext","item51",0.797631033427046
"shape_GPT4o_zero_shot","ext","item11",0.908131358763425
"shape_GPT4o_zero_shot","ext","item26",0.716786519284251
"shape_GPT4o_zero_shot","ext","item41",0.821050594974972
"shape_GPT4o_zero_shot","ext","item56",0.883754827868089
"shape_GPT4o_zero_shot","agr","item2",0.899042304483541
"shape_GPT4o_zero_shot","agr","item17",0.92831972085867
"shape_GPT4o_zero_shot","agr","item32",0.867366184867754
"shape_GPT4o_zero_shot","agr","item47",0.961291491511076
"shape_GPT4o_zero_shot","agr","item7",0.933817459476009
"shape_GPT4o_zero_shot","agr","item22",0.797022451380025
"shape_GPT4o_zero_shot","agr","item37",0.939863952899848
"shape_GPT4o_zero_shot","agr","item52",0.877413436918098
"shape_GPT4o_zero_shot","agr","item12",0.955660737130337
"shape_GPT4o_zero_shot","agr","item27",0.843229439489881
"shape_GPT4o_zero_shot","agr","item42",0.949984440381823
"shape_GPT4o_zero_shot","agr","item57",0.901720088598896
"shape_GPT4o_zero_shot","con","item3",0.749587266488202
"shape_GPT4o_zero_shot","con","item18",0.726581700263883
"shape_GPT4o_zero_shot","con","item33",0.730687321820127
"shape_GPT4o_zero_shot","con","item48",0.882886300452444
"shape_GPT4o_zero_shot","con","item8",0.796649791023551
"shape_GPT4o_zero_shot","con","item23",0.732997329579409
"shape_GPT4o_zero_shot","con","item38",0.85526729468538
"shape_GPT4o_zero_shot","con","item53",0.952465655480713
"shape_GPT4o_zero_shot","con","item13",0.919954256760718
"shape_GPT4o_zero_shot","con","item28",0.681280287109664
"shape_GPT4o_zero_shot","con","item43",0.943253832443079
"shape_GPT4o_zero_shot","con","item58",0.800450622426504
"shape_GPT4o_zero_shot","neu","item4",0.551591813470228
"shape_GPT4o_zero_shot","neu","item19",0.804434381240211
"shape_GPT4o_zero_shot","neu","item34",0.778451092402828
"shape_GPT4o_zero_shot","neu","item49",0.751838737697824
"shape_GPT4o_zero_shot","neu","item9",0.748934707968491
"shape_GPT4o_zero_shot","neu","item24",0.829182226848073
"shape_GPT4o_zero_shot","neu","item39",0.843821853732109
"shape_GPT4o_zero_shot","neu","item54",0.889071949576787
"shape_GPT4o_zero_shot","neu","item14",0.917064888860887
"shape_GPT4o_zero_shot","neu","item29",0.799506541957045
"shape_GPT4o_zero_shot","neu","item44",0.577592763782138
"shape_GPT4o_zero_shot","neu","item59",0.74738202505305
"shape_GPT4o_zero_shot","ope","item10",0.897373790541207
"shape_GPT4o_zero_shot","ope","item25",0.867183145235863
"shape_GPT4o_zero_shot","ope","item40",0.617969172975365
"shape_GPT4o_zero_shot","ope","item55",0.817286009968288
"shape_GPT4o_zero_shot","ope","item5",0.81026593026418
"shape_GPT4o_zero_shot","ope","item20",0.905049027757717
"shape_GPT4o_zero_shot","ope","item35",0.847098719341719
"shape_GPT4o_zero_shot","ope","item50",0.894690525125426
"shape_GPT4o_zero_shot","ope","item15",0.789827665288719
"shape_GPT4o_zero_shot","ope","item30",0.839237778553987
"shape_GPT4o_zero_shot","ope","item45",0.787251059935738
"shape_GPT4o_zero_shot","ope","item60",0.787117720788276
"shape_Llama3_8b_zero_shot","ext","item1",-0.708344121911043
"shape_Llama3_8b_zero_shot","ext","item16",-0.177447846778836
"shape_Llama3_8b_zero_shot","ext","item31",-0.0772438744498104
"shape_Llama3_8b_zero_shot","ext","item46",-0.665140746097379
"shape_Llama3_8b_zero_shot","ext","item6",0.79395991634513
"shape_Llama3_8b_zero_shot","ext","item21",0.834985527923327
"shape_Llama3_8b_zero_shot","ext","item36",-0.283996944765348
"shape_Llama3_8b_zero_shot","ext","item51",0.305262886167881
"shape_Llama3_8b_zero_shot","ext","item11",-0.0440715018778883
"shape_Llama3_8b_zero_shot","ext","item26",0.141812904575764
"shape_Llama3_8b_zero_shot","ext","item41",-0.690181213460076
"shape_Llama3_8b_zero_shot","ext","item56",-0.755035578369907
"shape_Llama3_8b_zero_shot","agr","item2",0.771847085786159
"shape_Llama3_8b_zero_shot","agr","item17",0.252279862675915
"shape_Llama3_8b_zero_shot","agr","item32",0.710532397049784
"shape_Llama3_8b_zero_shot","agr","item47",0.433589058836898
"shape_Llama3_8b_zero_shot","agr","item7",0.942554800932731
"shape_Llama3_8b_zero_shot","agr","item22",0.495212378364779
"shape_Llama3_8b_zero_shot","agr","item37",0.283496879119478
"shape_Llama3_8b_zero_shot","agr","item52",0.745077251775366
"shape_Llama3_8b_zero_shot","agr","item12",0.461643376405333
"shape_Llama3_8b_zero_shot","agr","item27",0.797751361099953
"shape_Llama3_8b_zero_shot","agr","item42",0.2707161417895
"shape_Llama3_8b_zero_shot","agr","item57",0.846297211564524
"shape_Llama3_8b_zero_shot","con","item3",0.113320063422987
"shape_Llama3_8b_zero_shot","con","item18",0.893402476656076
"shape_Llama3_8b_zero_shot","con","item33",0.810117685230515
"shape_Llama3_8b_zero_shot","con","item48",0.220078954380216
"shape_Llama3_8b_zero_shot","con","item8",0.159342907523207
"shape_Llama3_8b_zero_shot","con","item23",0.132849603597697
"shape_Llama3_8b_zero_shot","con","item38",0.776635032687493
"shape_Llama3_8b_zero_shot","con","item53",0.734593611038477
"shape_Llama3_8b_zero_shot","con","item13",0.907897624586671
"shape_Llama3_8b_zero_shot","con","item28",0.164384177318871
"shape_Llama3_8b_zero_shot","con","item43",0.896647878383435
"shape_Llama3_8b_zero_shot","con","item58",0.31254035814013
"shape_Llama3_8b_zero_shot","neu","item4",0.505144427798024
"shape_Llama3_8b_zero_shot","neu","item19",-0.718458654719276
"shape_Llama3_8b_zero_shot","neu","item34",-0.706199931739281
"shape_Llama3_8b_zero_shot","neu","item49",0.520956497124839
"shape_Llama3_8b_zero_shot","neu","item9",0.667509492589111
"shape_Llama3_8b_zero_shot","neu","item24",0.925034997373642
"shape_Llama3_8b_zero_shot","neu","item39",-0.0923415102157655
"shape_Llama3_8b_zero_shot","neu","item54",0.151897901626668
"shape_Llama3_8b_zero_shot","neu","item14",0.901659067999388
"shape_Llama3_8b_zero_shot","neu","item29",-0.406601250750522
"shape_Llama3_8b_zero_shot","neu","item44",-0.441489147623244
"shape_Llama3_8b_zero_shot","neu","item59",0.899102132555845
"shape_Llama3_8b_zero_shot","ope","item10",0.928803987654228
"shape_Llama3_8b_zero_shot","ope","item25",-0.0468164992714707
"shape_Llama3_8b_zero_shot","ope","item40",0.607487669327829
"shape_Llama3_8b_zero_shot","ope","item55",0.111103791690972
"shape_Llama3_8b_zero_shot","ope","item5",0.187086602720505
"shape_Llama3_8b_zero_shot","ope","item20",0.855985077605035
"shape_Llama3_8b_zero_shot","ope","item35",0.795436225347328
"shape_Llama3_8b_zero_shot","ope","item50",0.375896296701274
"shape_Llama3_8b_zero_shot","ope","item15",0.926303487686659
"shape_Llama3_8b_zero_shot","ope","item30",-0.0363213935585511
"shape_Llama3_8b_zero_shot","ope","item45",0.0453193491138997
"shape_Llama3_8b_zero_shot","ope","item60",0.802246146783511
"shape_Llama3_70b_zero_shot","ext","item1",0.549741066673087
"shape_Llama3_70b_zero_shot","ext","item16",0.72723608211314
"shape_Llama3_70b_zero_shot","ext","item31",0.793184911695486
"shape_Llama3_70b_zero_shot","ext","item46",0.575035320611797
"shape_Llama3_70b_zero_shot","ext","item6",0.859226803186798
"shape_Llama3_70b_zero_shot","ext","item21",0.697919511656911
"shape_Llama3_70b_zero_shot","ext","item36",0.876588417600902
"shape_Llama3_70b_zero_shot","ext","item51",0.717934476351939
"shape_Llama3_70b_zero_shot","ext","item11",0.882649745951586
"shape_Llama3_70b_zero_shot","ext","item26",0.768856976353342
"shape_Llama3_70b_zero_shot","ext","item41",0.762200959147366
"shape_Llama3_70b_zero_shot","ext","item56",0.765310649682055
"shape_Llama3_70b_zero_shot","agr","item2",0.743704713532144
"shape_Llama3_70b_zero_shot","agr","item17",0.967963117461605
"shape_Llama3_70b_zero_shot","agr","item32",0.85746666282372
"shape_Llama3_70b_zero_shot","agr","item47",0.984712837063303
"shape_Llama3_70b_zero_shot","agr","item7",0.847256513894169
"shape_Llama3_70b_zero_shot","agr","item22",0.868623960808371
"shape_Llama3_70b_zero_shot","agr","item37",0.944381734144001
"shape_Llama3_70b_zero_shot","agr","item52",0.837898877920745
"shape_Llama3_70b_zero_shot","agr","item12",0.94056719816271
"shape_Llama3_70b_zero_shot","agr","item27",0.840729298600363
"shape_Llama3_70b_zero_shot","agr","item42",0.945861676859392
"shape_Llama3_70b_zero_shot","agr","item57",0.849486638947327
"shape_Llama3_70b_zero_shot","con","item3",0.489965732759986
"shape_Llama3_70b_zero_shot","con","item18",0.900422942268692
"shape_Llama3_70b_zero_shot","con","item33",0.952986817200991
"shape_Llama3_70b_zero_shot","con","item48",0.561863273204343
"shape_Llama3_70b_zero_shot","con","item8",0.674386334150262
"shape_Llama3_70b_zero_shot","con","item23",0.718890143964114
"shape_Llama3_70b_zero_shot","con","item38",0.829567619013827
"shape_Llama3_70b_zero_shot","con","item53",0.946224450994364
"shape_Llama3_70b_zero_shot","con","item13",0.94489780245705
"shape_Llama3_70b_zero_shot","con","item28",0.477788776568325
"shape_Llama3_70b_zero_shot","con","item43",0.961564375809833
"shape_Llama3_70b_zero_shot","con","item58",0.643887581733575
"shape_Llama3_70b_zero_shot","neu","item4",0.627935639636246
"shape_Llama3_70b_zero_shot","neu","item19",0.724041335282691
"shape_Llama3_70b_zero_shot","neu","item34",0.79648572200362
"shape_Llama3_70b_zero_shot","neu","item49",0.708089277649137
"shape_Llama3_70b_zero_shot","neu","item9",0.77951768407122
"shape_Llama3_70b_zero_shot","neu","item24",0.861521616144468
"shape_Llama3_70b_zero_shot","neu","item39",0.869868595588986
"shape_Llama3_70b_zero_shot","neu","item54",0.953745901384165
"shape_Llama3_70b_zero_shot","neu","item14",0.884842827747891
"shape_Llama3_70b_zero_shot","neu","item29",0.851182303635086
"shape_Llama3_70b_zero_shot","neu","item44",0.596075572486996
"shape_Llama3_70b_zero_shot","neu","item59",0.83553086682535
"shape_Llama3_70b_zero_shot","ope","item10",0.907500403624978
"shape_Llama3_70b_zero_shot","ope","item25",0.881800261982093
"shape_Llama3_70b_zero_shot","ope","item40",0.563082050055383
"shape_Llama3_70b_zero_shot","ope","item55",0.885021696101787
"shape_Llama3_70b_zero_shot","ope","item5",0.912789599134498
"shape_Llama3_70b_zero_shot","ope","item20",0.828501567579663
"shape_Llama3_70b_zero_shot","ope","item35",0.817112096153548
"shape_Llama3_70b_zero_shot","ope","item50",0.907662356470051
"shape_Llama3_70b_zero_shot","ope","item15",0.857022162734952
"shape_Llama3_70b_zero_shot","ope","item30",0.809644163303771
"shape_Llama3_70b_zero_shot","ope","item45",0.763867617264366
"shape_Llama3_70b_zero_shot","ope","item60",0.813572686656184
"shape_Mistral_7b_zero_shot","ext","item1",0.638603755295056
"shape_Mistral_7b_zero_shot","ext","item16",0.868225519500213
"shape_Mistral_7b_zero_shot","ext","item31",0.649384277261738
"shape_Mistral_7b_zero_shot","ext","item46",0.783874228618742
"shape_Mistral_7b_zero_shot","ext","item6",0.762836363693457
"shape_Mistral_7b_zero_shot","ext","item21",0.538641585034656
"shape_Mistral_7b_zero_shot","ext","item36",0.86066438369395
"shape_Mistral_7b_zero_shot","ext","item51",0.797446488581668
"shape_Mistral_7b_zero_shot","ext","item11",0.873618579954712
"shape_Mistral_7b_zero_shot","ext","item26",0.875891035634013
"shape_Mistral_7b_zero_shot","ext","item41",0.731948373043565
"shape_Mistral_7b_zero_shot","ext","item56",0.728462887038259
"shape_Mistral_7b_zero_shot","agr","item2",0.463067508366279
"shape_Mistral_7b_zero_shot","agr","item17",0.818542863022935
"shape_Mistral_7b_zero_shot","agr","item32",0.692859600690653
"shape_Mistral_7b_zero_shot","agr","item47",0.89059180166842
"shape_Mistral_7b_zero_shot","agr","item7",0.597225286732758
"shape_Mistral_7b_zero_shot","agr","item22",0.768784508146867
"shape_Mistral_7b_zero_shot","agr","item37",0.875831744823636
"shape_Mistral_7b_zero_shot","agr","item52",0.478093590497797
"shape_Mistral_7b_zero_shot","agr","item12",0.9434544943896
"shape_Mistral_7b_zero_shot","agr","item27",0.498589783324267
"shape_Mistral_7b_zero_shot","agr","item42",0.901479194425078
"shape_Mistral_7b_zero_shot","agr","item57",0.579434891176703
"shape_Mistral_7b_zero_shot","con","item3",0.806084136187771
"shape_Mistral_7b_zero_shot","con","item18",0.410975842528327
"shape_Mistral_7b_zero_shot","con","item33",0.357463196490803
"shape_Mistral_7b_zero_shot","con","item48",0.869773679428097
"shape_Mistral_7b_zero_shot","con","item8",0.962589760546312
"shape_Mistral_7b_zero_shot","con","item23",0.885079127073196
"shape_Mistral_7b_zero_shot","con","item38",0.60048106467852
"shape_Mistral_7b_zero_shot","con","item53",0.725149890065189
"shape_Mistral_7b_zero_shot","con","item13",0.499654403854911
"shape_Mistral_7b_zero_shot","con","item28",0.897657942896664
"shape_Mistral_7b_zero_shot","con","item43",0.600767553189412
"shape_Mistral_7b_zero_shot","con","item58",0.882046105398037
"shape_Mistral_7b_zero_shot","neu","item4",0.349124654496998
"shape_Mistral_7b_zero_shot","neu","item19",0.955784016308091
"shape_Mistral_7b_zero_shot","neu","item34",0.78629187122046
"shape_Mistral_7b_zero_shot","neu","item49",0.136524722504923
"shape_Mistral_7b_zero_shot","neu","item9",0.683338626438496
"shape_Mistral_7b_zero_shot","neu","item24",0.690428725818905
"shape_Mistral_7b_zero_shot","neu","item39",0.829358624401033
"shape_Mistral_7b_zero_shot","neu","item54",0.921431448743295
"shape_Mistral_7b_zero_shot","neu","item14",0.916230895103682
"shape_Mistral_7b_zero_shot","neu","item29",0.622396984980471
"shape_Mistral_7b_zero_shot","neu","item44",0.247083251099181
"shape_Mistral_7b_zero_shot","neu","item59",0.933376880541608
"shape_Mistral_7b_zero_shot","ope","item10",0.805081678192686
"shape_Mistral_7b_zero_shot","ope","item25",0.619859145685565
"shape_Mistral_7b_zero_shot","ope","item40",0.394547986925867
"shape_Mistral_7b_zero_shot","ope","item55",0.580379650814891
"shape_Mistral_7b_zero_shot","ope","item5",0.650898059236902
"shape_Mistral_7b_zero_shot","ope","item20",0.845387147479199
"shape_Mistral_7b_zero_shot","ope","item35",0.728180745499456
"shape_Mistral_7b_zero_shot","ope","item50",0.729433225892121
"shape_Mistral_7b_zero_shot","ope","item15",0.91238343263663
"shape_Mistral_7b_zero_shot","ope","item30",0.55095856162927
"shape_Mistral_7b_zero_shot","ope","item45",0.569502577857239
"shape_Mistral_7b_zero_shot","ope","item60",0.838699275267234
