"file","model","factor","tcc","mae"
"persona_Gemma2_9b_zero_shot","ext","Sociability",1,0.0102855194335952
"persona_Gemma2_9b_zero_shot","ext","Assertiveness",0.97,0.0537778086438408
"persona_Gemma2_9b_zero_shot","ext","Energy_Level",1,0.0150716721513294
"persona_Gemma2_27b_zero_shot","ext","Sociability",1,0.0155273574119978
"persona_Gemma2_27b_zero_shot","ext","Assertiveness",0.97,0.0573853504909695
"persona_Gemma2_27b_zero_shot","ext","Energy_Level",0.98,0.0519266193555773
"persona_GPT4o_mini_zero_shot","ext","Sociability",1,0.0144076397102898
"persona_GPT4o_mini_zero_shot","ext","Assertiveness",0.99,0.038088724739029
"persona_GPT4o_mini_zero_shot","ext","Energy_Level",0.99,0.0549712283919672
"persona_GPT4o_zero_shot","ext","Sociability",1,0.00882115672843672
"persona_GPT4o_zero_shot","ext","Assertiveness",0.97,0.0567579890908559
"persona_GPT4o_zero_shot","ext","Energy_Level",0.98,0.0485168711353874
"persona_Llama3_8b_zero_shot","ext","Sociability",-0.78,0.406074130717572
"persona_Llama3_8b_zero_shot","ext","Assertiveness",0.55,0.162279668750331
"persona_Llama3_8b_zero_shot","ext","Energy_Level",0.71,0.137015308532466
"persona_Llama3_70b_zero_shot","ext","Sociability",0.99,0.0263284970465816
"persona_Llama3_70b_zero_shot","ext","Assertiveness",0.98,0.0481446052414803
"persona_Llama3_70b_zero_shot","ext","Energy_Level",0.98,0.0460736422886679
"persona_Mistral_7b_zero_shot","ext","Sociability",0.91,0.0864626393854797
"persona_Mistral_7b_zero_shot","ext","Assertiveness",0.92,0.0849742913377845
"persona_Mistral_7b_zero_shot","ext","Energy_Level",0.98,0.0424029240947519
"psi_Gemma2_9b_zero_shot","ext","Sociability",1,0.0110494840291151
"psi_Gemma2_9b_zero_shot","ext","Assertiveness",0.97,0.0490749991659874
"psi_Gemma2_9b_zero_shot","ext","Energy_Level",0.86,0.0873957666107685
"psi_Gemma2_27b_zero_shot","ext","Sociability",1,0.0203337018025519
"psi_Gemma2_27b_zero_shot","ext","Assertiveness",0.92,0.0926324672494689
"psi_Gemma2_27b_zero_shot","ext","Energy_Level",0.98,0.0395524361096755
"psi_GPT4o_mini_zero_shot","ext","Sociability",1,0.0202706333610087
"psi_GPT4o_mini_zero_shot","ext","Assertiveness",0.99,0.033353640245287
"psi_GPT4o_mini_zero_shot","ext","Energy_Level",0.98,0.0539754596637965
"psi_GPT4o_zero_shot","ext","Sociability",1,0.0157058774811372
"psi_GPT4o_zero_shot","ext","Assertiveness",0.98,0.040753701747678
"psi_GPT4o_zero_shot","ext","Energy_Level",0.98,0.0571164976290667
"psi_Llama3_8b_zero_shot","ext","Sociability",1,0.0156604745369901
"psi_Llama3_8b_zero_shot","ext","Assertiveness",0.98,0.0377324557475403
"psi_Llama3_8b_zero_shot","ext","Energy_Level",0.98,0.0365245479242056
"psi_Llama3_70b_zero_shot","ext","Sociability",1,0.0292188962143504
"psi_Llama3_70b_zero_shot","ext","Assertiveness",0.95,0.0914775599810288
"psi_Llama3_70b_zero_shot","ext","Energy_Level",0.99,0.033133771571186
"psi_Mistral_7b_zero_shot","ext","Sociability",1,0.0212128545711445
"psi_Mistral_7b_zero_shot","ext","Assertiveness",0.96,0.0739492559561244
"psi_Mistral_7b_zero_shot","ext","Energy_Level",0.99,0.0182805317901608
"shape_Gemma2_9b_zero_shot","ext","Sociability",0.97,0.0445342836578302
"shape_Gemma2_9b_zero_shot","ext","Assertiveness",0.86,0.0959286145425641
"shape_Gemma2_9b_zero_shot","ext","Energy_Level",0.97,0.072366001687989
"shape_Gemma2_27b_zero_shot","ext","Sociability",1,0.0154194921849853
"shape_Gemma2_27b_zero_shot","ext","Assertiveness",0.97,0.0599182061128113
"shape_Gemma2_27b_zero_shot","ext","Energy_Level",0.97,0.0809336302537966
"shape_GPT4o_mini_zero_shot","ext","Sociability",0.91,0.0923209841920567
"shape_GPT4o_mini_zero_shot","ext","Assertiveness",0.95,0.0693048980831864
"shape_GPT4o_mini_zero_shot","ext","Energy_Level",1,0.026772447559816
"shape_GPT4o_zero_shot","ext","Sociability",1,0.0247158934913912
"shape_GPT4o_zero_shot","ext","Assertiveness",0.99,0.0497075898911446
"shape_GPT4o_zero_shot","ext","Energy_Level",0.97,0.0630852012718296
"shape_Llama3_8b_zero_shot","ext","Sociability",-0.81,0.401771371157029
"shape_Llama3_8b_zero_shot","ext","Assertiveness",0.79,0.107502025289192
"shape_Llama3_8b_zero_shot","ext","Energy_Level",-0.8,0.327498218249347
"shape_Llama3_70b_zero_shot","ext","Sociability",0.99,0.0456568736294804
"shape_Llama3_70b_zero_shot","ext","Assertiveness",0.97,0.0548767098733409
"shape_Llama3_70b_zero_shot","ext","Energy_Level",0.96,0.0604278414893372
"shape_Mistral_7b_zero_shot","ext","Sociability",0.99,0.0332693169949542
"shape_Mistral_7b_zero_shot","ext","Assertiveness",0.94,0.0656180358569564
"shape_Mistral_7b_zero_shot","ext","Energy_Level",0.95,0.0741864449919533
"persona_Gemma2_9b_zero_shot","agr","Compassion",0.97,0.0566801311997114
"persona_Gemma2_9b_zero_shot","agr","Respectfulness",0.99,0.0244508508442305
"persona_Gemma2_9b_zero_shot","agr","Trust",0.97,0.0510634997243652
"persona_Gemma2_27b_zero_shot","agr","Compassion",0.97,0.0531797866161836
"persona_Gemma2_27b_zero_shot","agr","Respectfulness",0.99,0.0363858041571619
"persona_Gemma2_27b_zero_shot","agr","Trust",1,0.0131921652458675
"persona_GPT4o_mini_zero_shot","agr","Compassion",0.98,0.0555076973233952
"persona_GPT4o_mini_zero_shot","agr","Respectfulness",0.99,0.0394881793334056
"persona_GPT4o_mini_zero_shot","agr","Trust",0.98,0.0412377715949226
"persona_GPT4o_zero_shot","agr","Compassion",0.95,0.0604211465872294
"persona_GPT4o_zero_shot","agr","Respectfulness",1,0.0181312917347429
"persona_GPT4o_zero_shot","agr","Trust",0.98,0.0509838330679878
"persona_Llama3_8b_zero_shot","agr","Compassion",0.86,0.0917660414020067
"persona_Llama3_8b_zero_shot","agr","Respectfulness",0.71,0.115951680871929
"persona_Llama3_8b_zero_shot","agr","Trust",-0.6,0.345595133598979
"persona_Llama3_70b_zero_shot","agr","Compassion",0.96,0.0621327087978949
"persona_Llama3_70b_zero_shot","agr","Respectfulness",1,0.0297084366897858
"persona_Llama3_70b_zero_shot","agr","Trust",0.99,0.026330133879774
"persona_Mistral_7b_zero_shot","agr","Compassion",0.95,0.0581806268054306
"persona_Mistral_7b_zero_shot","agr","Respectfulness",0.98,0.0379338496168576
"persona_Mistral_7b_zero_shot","agr","Trust",0.92,0.0731393697577305
"psi_Gemma2_9b_zero_shot","agr","Compassion",0.99,0.0495875353605092
"psi_Gemma2_9b_zero_shot","agr","Respectfulness",0.9,0.0900340532086417
"psi_Gemma2_9b_zero_shot","agr","Trust",-0.87,0.416968734536784
"psi_Gemma2_27b_zero_shot","agr","Compassion",0.96,0.0544730015320451
"psi_Gemma2_27b_zero_shot","agr","Respectfulness",0.98,0.049241281955719
"psi_Gemma2_27b_zero_shot","agr","Trust",1,0.0323505201318936
"psi_GPT4o_mini_zero_shot","agr","Compassion",0.97,0.0736070538775394
"psi_GPT4o_mini_zero_shot","agr","Respectfulness",0.97,0.0531795962392814
"psi_GPT4o_mini_zero_shot","agr","Trust",1,0.0315859590387496
"psi_GPT4o_zero_shot","agr","Compassion",0.98,0.0697080923846008
"psi_GPT4o_zero_shot","agr","Respectfulness",0.98,0.050458603516441
"psi_GPT4o_zero_shot","agr","Trust",1,0.0353293352785968
"psi_Llama3_8b_zero_shot","agr","Compassion",0.99,0.0368309868080529
"psi_Llama3_8b_zero_shot","agr","Respectfulness",0.94,0.070013120180442
"psi_Llama3_8b_zero_shot","agr","Trust",0.97,0.0505113794649189
"psi_Llama3_70b_zero_shot","agr","Compassion",1,0.0438694787534302
"psi_Llama3_70b_zero_shot","agr","Respectfulness",0.99,0.0545582066685651
"psi_Llama3_70b_zero_shot","agr","Trust",1,0.0344420216384378
"psi_Mistral_7b_zero_shot","agr","Compassion",0.99,0.0347648281513635
"psi_Mistral_7b_zero_shot","agr","Respectfulness",0.97,0.056166588288225
"psi_Mistral_7b_zero_shot","agr","Trust",0.98,0.0375964295951023
"shape_Gemma2_9b_zero_shot","agr","Compassion",0.96,0.101360377355838
"shape_Gemma2_9b_zero_shot","agr","Respectfulness",1,0.0813946177323823
"shape_Gemma2_9b_zero_shot","agr","Trust",1,0.0704351616852821
"shape_Gemma2_27b_zero_shot","agr","Compassion",0.97,0.0993973525758729
"shape_Gemma2_27b_zero_shot","agr","Respectfulness",1,0.0784453370367521
"shape_Gemma2_27b_zero_shot","agr","Trust",0.99,0.0631068371673625
"shape_GPT4o_mini_zero_shot","agr","Compassion",0.91,0.092699759067933
"shape_GPT4o_mini_zero_shot","agr","Respectfulness",0.98,0.0552713370655636
"shape_GPT4o_mini_zero_shot","agr","Trust",0.94,0.0781070451385696
"shape_GPT4o_zero_shot","agr","Compassion",0.97,0.100632417260931
"shape_GPT4o_zero_shot","agr","Respectfulness",1,0.0697885348099397
"shape_GPT4o_zero_shot","agr","Trust",1,0.0689949467289243
"shape_Llama3_8b_zero_shot","agr","Compassion",0.96,0.0447463858497583
"shape_Llama3_8b_zero_shot","agr","Respectfulness",0.93,0.0662010247480289
"shape_Llama3_8b_zero_shot","agr","Trust",0.94,0.0670194585204981
"shape_Llama3_70b_zero_shot","agr","Compassion",0.95,0.0921180530242417
"shape_Llama3_70b_zero_shot","agr","Respectfulness",1,0.0656255169843819
"shape_Llama3_70b_zero_shot","agr","Trust",0.99,0.0628324556429955
"shape_Mistral_7b_zero_shot","agr","Compassion",0.92,0.0792455202772939
"shape_Mistral_7b_zero_shot","agr","Respectfulness",0.97,0.0569839894989534
"shape_Mistral_7b_zero_shot","agr","Trust",0.96,0.0728637138781146
"persona_Gemma2_9b_zero_shot","con","Organization",0.98,0.0560335287610907
"persona_Gemma2_9b_zero_shot","con","Productiveness",0.95,0.0591818691611365
"persona_Gemma2_9b_zero_shot","con","Responsibility",0.98,0.0476874828068512
"persona_Gemma2_27b_zero_shot","con","Organization",0.99,0.0342846963347548
"persona_Gemma2_27b_zero_shot","con","Productiveness",0.99,0.0284562524140589
"persona_Gemma2_27b_zero_shot","con","Responsibility",0.99,0.0474489152734201
"persona_GPT4o_mini_zero_shot","con","Organization",1,0.0170913106130735
"persona_GPT4o_mini_zero_shot","con","Productiveness",0.99,0.0344451631395902
"persona_GPT4o_mini_zero_shot","con","Responsibility",0.99,0.0444986115236798
"persona_GPT4o_zero_shot","con","Organization",0.99,0.0485887881820631
"persona_GPT4o_zero_shot","con","Productiveness",0.99,0.0244721322648915
"persona_GPT4o_zero_shot","con","Responsibility",0.99,0.0348608284989403
"persona_Llama3_8b_zero_shot","con","Organization",-0.43,0.348193415617854
"persona_Llama3_8b_zero_shot","con","Productiveness",0.33,0.185135345581186
"persona_Llama3_8b_zero_shot","con","Responsibility",0.51,0.193924730693579
"persona_Llama3_70b_zero_shot","con","Organization",1,0.0272419822793328
"persona_Llama3_70b_zero_shot","con","Productiveness",0.99,0.0353781392351484
"persona_Llama3_70b_zero_shot","con","Responsibility",0.97,0.0564047139734298
"persona_Mistral_7b_zero_shot","con","Organization",0.98,0.0845120500197829
"persona_Mistral_7b_zero_shot","con","Productiveness",0.99,0.0375404146641766
"persona_Mistral_7b_zero_shot","con","Responsibility",0.95,0.0786254497100992
"psi_Gemma2_9b_zero_shot","con","Organization",0.81,0.150134381108033
"psi_Gemma2_9b_zero_shot","con","Productiveness",0.98,0.0439572610629761
"psi_Gemma2_9b_zero_shot","con","Responsibility",0.94,0.0761201693856179
"psi_Gemma2_27b_zero_shot","con","Organization",0.99,0.0589574734587627
"psi_Gemma2_27b_zero_shot","con","Productiveness",1,0.0295688097452257
"psi_Gemma2_27b_zero_shot","con","Responsibility",0.97,0.0588823920226955
"psi_GPT4o_mini_zero_shot","con","Organization",1,0.0187374443637948
"psi_GPT4o_mini_zero_shot","con","Productiveness",1,0.0291881318909896
"psi_GPT4o_mini_zero_shot","con","Responsibility",1,0.032586283777268
"psi_GPT4o_zero_shot","con","Organization",0.99,0.0229228167064058
"psi_GPT4o_zero_shot","con","Productiveness",1,0.020968298628053
"psi_GPT4o_zero_shot","con","Responsibility",1,0.0386636772368782
"psi_Llama3_8b_zero_shot","con","Organization",0.89,0.109633654842072
"psi_Llama3_8b_zero_shot","con","Productiveness",0.99,0.0251144145911229
"psi_Llama3_8b_zero_shot","con","Responsibility",0.97,0.0623276523571893
"psi_Llama3_70b_zero_shot","con","Organization",1,0.0177938020041322
"psi_Llama3_70b_zero_shot","con","Productiveness",0.97,0.0392061287699377
"psi_Llama3_70b_zero_shot","con","Responsibility",1,0.0377628535668242
"psi_Mistral_7b_zero_shot","con","Organization",0.98,0.0688463831782043
"psi_Mistral_7b_zero_shot","con","Productiveness",0.99,0.0196832331459133
"psi_Mistral_7b_zero_shot","con","Responsibility",0.98,0.0552026095791823
"shape_Gemma2_9b_zero_shot","con","Organization",0.99,0.0324840630677402
"shape_Gemma2_9b_zero_shot","con","Productiveness",1,0.0578575232318623
"shape_Gemma2_9b_zero_shot","con","Responsibility",0.99,0.041721372038929
"shape_Gemma2_27b_zero_shot","con","Organization",0.98,0.0506734104409703
"shape_Gemma2_27b_zero_shot","con","Productiveness",1,0.0558222283007333
"shape_Gemma2_27b_zero_shot","con","Responsibility",0.99,0.0569399660103154
"shape_GPT4o_mini_zero_shot","con","Organization",0.9,0.0918017965757336
"shape_GPT4o_mini_zero_shot","con","Productiveness",0.98,0.0446298455453148
"shape_GPT4o_mini_zero_shot","con","Responsibility",0.96,0.0605504947972471
"shape_GPT4o_zero_shot","con","Organization",0.99,0.0340996604357888
"shape_GPT4o_zero_shot","con","Productiveness",0.99,0.0391680095308025
"shape_GPT4o_zero_shot","con","Responsibility",0.99,0.0573518591411979
"shape_Llama3_8b_zero_shot","con","Organization",0.81,0.125042368375869
"shape_Llama3_8b_zero_shot","con","Productiveness",0.82,0.10562332171791
"shape_Llama3_8b_zero_shot","con","Responsibility",0.86,0.111015771442581
"shape_Llama3_70b_zero_shot","con","Organization",0.96,0.0687881187719015
"shape_Llama3_70b_zero_shot","con","Productiveness",0.99,0.0359132766586393
"shape_Llama3_70b_zero_shot","con","Responsibility",0.96,0.065779509147071
"shape_Mistral_7b_zero_shot","con","Organization",0.93,0.0817103508776781
"shape_Mistral_7b_zero_shot","con","Productiveness",0.99,0.0442755884447738
"shape_Mistral_7b_zero_shot","con","Responsibility",0.97,0.0562261501208756
"persona_Gemma2_9b_zero_shot","neu","Anxiety",0.99,0.0227587596680083
"persona_Gemma2_9b_zero_shot","neu","Depression",1,0.0141414415292284
"persona_Gemma2_9b_zero_shot","neu","Emotional_Volatility",0.99,0.0361822798371495
"persona_Gemma2_27b_zero_shot","neu","Anxiety",0.97,0.0558637724908711
"persona_Gemma2_27b_zero_shot","neu","Depression",1,0.0112235648771441
"persona_Gemma2_27b_zero_shot","neu","Emotional_Volatility",1,0.0234327484013556
"persona_GPT4o_mini_zero_shot","neu","Anxiety",1,0.0306674181850695
"persona_GPT4o_mini_zero_shot","neu","Depression",0.99,0.038133763493062
"persona_GPT4o_mini_zero_shot","neu","Emotional_Volatility",0.99,0.0324395883500295
"persona_GPT4o_zero_shot","neu","Anxiety",0.99,0.0604636870353366
"persona_GPT4o_zero_shot","neu","Depression",0.97,0.0719754708971494
"persona_GPT4o_zero_shot","neu","Emotional_Volatility",0.97,0.0927014523397987
"persona_Llama3_8b_zero_shot","neu","Anxiety",0.17,0.22541898211919
"persona_Llama3_8b_zero_shot","neu","Depression",0.03,0.228731408346781
"persona_Llama3_8b_zero_shot","neu","Emotional_Volatility",-0.42,0.344395780427382
"persona_Llama3_70b_zero_shot","neu","Anxiety",0.99,0.0259001440194373
"persona_Llama3_70b_zero_shot","neu","Depression",0.99,0.0282925805134579
"persona_Llama3_70b_zero_shot","neu","Emotional_Volatility",1,0.0104810998058034
"persona_Mistral_7b_zero_shot","neu","Anxiety",0.91,0.102800558193054
"persona_Mistral_7b_zero_shot","neu","Depression",0.93,0.0807335824629399
"persona_Mistral_7b_zero_shot","neu","Emotional_Volatility",0.88,0.115020707965327
"psi_Gemma2_9b_zero_shot","neu","Anxiety",0.99,0.0249631607979218
"psi_Gemma2_9b_zero_shot","neu","Depression",1,0.0139395457696777
"psi_Gemma2_9b_zero_shot","neu","Emotional_Volatility",0.98,0.0541486960351727
"psi_Gemma2_27b_zero_shot","neu","Anxiety",0.99,0.0513013566781308
"psi_Gemma2_27b_zero_shot","neu","Depression",0.99,0.0276665703818926
"psi_Gemma2_27b_zero_shot","neu","Emotional_Volatility",0.99,0.0324049280636786
"psi_GPT4o_mini_zero_shot","neu","Anxiety",1,0.0217797430896212
"psi_GPT4o_mini_zero_shot","neu","Depression",1,0.0179263116301646
"psi_GPT4o_mini_zero_shot","neu","Emotional_Volatility",1,0.0136516759424542
"psi_GPT4o_zero_shot","neu","Anxiety",1,0.0173710013424109
"psi_GPT4o_zero_shot","neu","Depression",1,0.0231110296405467
"psi_GPT4o_zero_shot","neu","Emotional_Volatility",1,0.0139799152290988
"psi_Llama3_8b_zero_shot","neu","Anxiety",0.99,0.0221706950695142
"psi_Llama3_8b_zero_shot","neu","Depression",1,0.0159658666022104
"psi_Llama3_8b_zero_shot","neu","Emotional_Volatility",0.99,0.0433381008203205
"psi_Llama3_70b_zero_shot","neu","Anxiety",1,0.0180982896725029
"psi_Llama3_70b_zero_shot","neu","Depression",1,0.0168136244972808
"psi_Llama3_70b_zero_shot","neu","Emotional_Volatility",1,0.0163197983052406
"psi_Mistral_7b_zero_shot","neu","Anxiety",0.99,0.0424451748667212
"psi_Mistral_7b_zero_shot","neu","Depression",0.99,0.0286254478915654
"psi_Mistral_7b_zero_shot","neu","Emotional_Volatility",1,0.0246481938659084
"shape_Gemma2_9b_zero_shot","neu","Anxiety",0.92,0.082411003550234
"shape_Gemma2_9b_zero_shot","neu","Depression",1,0.0260527769322158
"shape_Gemma2_9b_zero_shot","neu","Emotional_Volatility",0.91,0.094692880125881
"shape_Gemma2_27b_zero_shot","neu","Anxiety",0.85,0.103901822368161
"shape_Gemma2_27b_zero_shot","neu","Depression",0.99,0.0484144283423062
"shape_Gemma2_27b_zero_shot","neu","Emotional_Volatility",0.97,0.0587274683374045
"shape_GPT4o_mini_zero_shot","neu","Anxiety",0.85,0.110284603098521
"shape_GPT4o_mini_zero_shot","neu","Depression",0.99,0.0231639855443084
"shape_GPT4o_mini_zero_shot","neu","Emotional_Volatility",0.96,0.0679452921619796
"shape_GPT4o_zero_shot","neu","Anxiety",0.98,0.0421656120606539
"shape_GPT4o_zero_shot","neu","Depression",0.99,0.0283718198445171
"shape_GPT4o_zero_shot","neu","Emotional_Volatility",0.99,0.0373487586766545
"shape_Llama3_8b_zero_shot","neu","Anxiety",-0.15,0.283060948831762
"shape_Llama3_8b_zero_shot","neu","Depression",0.6,0.169018900431532
"shape_Llama3_8b_zero_shot","neu","Emotional_Volatility",0.32,0.225266777347102
"shape_Llama3_70b_zero_shot","neu","Anxiety",0.99,0.0250493993443595
"shape_Llama3_70b_zero_shot","neu","Depression",0.99,0.0341122678448755
"shape_Llama3_70b_zero_shot","neu","Emotional_Volatility",0.99,0.0272887956406155
"shape_Mistral_7b_zero_shot","neu","Anxiety",0.86,0.107633326402401
"shape_Mistral_7b_zero_shot","neu","Depression",1,0.0125225653939418
"shape_Mistral_7b_zero_shot","neu","Emotional_Volatility",0.93,0.086206439066822
"persona_Gemma2_9b_zero_shot","ope","Intellectual_Curiosity",0.96,0.0558323773745478
"persona_Gemma2_9b_zero_shot","ope","Aesthetic_Sensitivity",0.94,0.0639548007298237
"persona_Gemma2_9b_zero_shot","ope","Creative_Imagination",0.87,0.0854084402507941
"persona_Gemma2_27b_zero_shot","ope","Intellectual_Curiosity",0.98,0.0345257045438023
"persona_Gemma2_27b_zero_shot","ope","Aesthetic_Sensitivity",0.98,0.0375104032854821
"persona_Gemma2_27b_zero_shot","ope","Creative_Imagination",0.99,0.0223694189791849
"persona_GPT4o_mini_zero_shot","ope","Intellectual_Curiosity",0.99,0.0227546783553217
"persona_GPT4o_mini_zero_shot","ope","Aesthetic_Sensitivity",1,0.0137970376465175
"persona_GPT4o_mini_zero_shot","ope","Creative_Imagination",0.99,0.031737605733553
"persona_GPT4o_zero_shot","ope","Intellectual_Curiosity",1,0.0245106079415226
"persona_GPT4o_zero_shot","ope","Aesthetic_Sensitivity",0.99,0.022699731546135
"persona_GPT4o_zero_shot","ope","Creative_Imagination",1,0.0188307760817638
"persona_Llama3_8b_zero_shot","ope","Intellectual_Curiosity",0.46,0.151480571635893
"persona_Llama3_8b_zero_shot","ope","Aesthetic_Sensitivity",-0.7,0.370323414936674
"persona_Llama3_8b_zero_shot","ope","Creative_Imagination",0.34,0.185358375366318
"persona_Llama3_70b_zero_shot","ope","Intellectual_Curiosity",1,0.0381065056339067
"persona_Llama3_70b_zero_shot","ope","Aesthetic_Sensitivity",0.98,0.0381929180568248
"persona_Llama3_70b_zero_shot","ope","Creative_Imagination",0.98,0.051987992698589
"persona_Mistral_7b_zero_shot","ope","Intellectual_Curiosity",1,0.016438030197729
"persona_Mistral_7b_zero_shot","ope","Aesthetic_Sensitivity",0.95,0.0735094568138277
"persona_Mistral_7b_zero_shot","ope","Creative_Imagination",0.94,0.0694934550462589
"psi_Gemma2_9b_zero_shot","ope","Intellectual_Curiosity",0.96,0.0480988529084431
"psi_Gemma2_9b_zero_shot","ope","Aesthetic_Sensitivity",-0.62,0.356544837393012
"psi_Gemma2_9b_zero_shot","ope","Creative_Imagination",0.7,0.129549945546703
"psi_Gemma2_27b_zero_shot","ope","Intellectual_Curiosity",0.98,0.0438824647303262
"psi_Gemma2_27b_zero_shot","ope","Aesthetic_Sensitivity",0.98,0.0485974969645259
"psi_Gemma2_27b_zero_shot","ope","Creative_Imagination",1,0.0250859120816289
"psi_GPT4o_mini_zero_shot","ope","Intellectual_Curiosity",1,0.0520069956646608
"psi_GPT4o_mini_zero_shot","ope","Aesthetic_Sensitivity",0.98,0.0349231599692895
"psi_GPT4o_mini_zero_shot","ope","Creative_Imagination",1,0.0203156366510224
"psi_GPT4o_zero_shot","ope","Intellectual_Curiosity",1,0.0556856408529154
"psi_GPT4o_zero_shot","ope","Aesthetic_Sensitivity",0.99,0.0222559510737759
"psi_GPT4o_zero_shot","ope","Creative_Imagination",0.99,0.0330265165711071
"psi_Llama3_8b_zero_shot","ope","Intellectual_Curiosity",1,0.0326169176211083
"psi_Llama3_8b_zero_shot","ope","Aesthetic_Sensitivity",0.98,0.0389115109210459
"psi_Llama3_8b_zero_shot","ope","Creative_Imagination",0.98,0.03864064284753
"psi_Llama3_70b_zero_shot","ope","Intellectual_Curiosity",0.98,0.0424489083143229
"psi_Llama3_70b_zero_shot","ope","Aesthetic_Sensitivity",0.97,0.0522677989803548
"psi_Llama3_70b_zero_shot","ope","Creative_Imagination",0.96,0.0617242088027064
"psi_Mistral_7b_zero_shot","ope","Intellectual_Curiosity",0.81,0.104369883904191
"psi_Mistral_7b_zero_shot","ope","Aesthetic_Sensitivity",0.94,0.0691207406812514
"psi_Mistral_7b_zero_shot","ope","Creative_Imagination",0.86,0.106257470432098
"shape_Gemma2_9b_zero_shot","ope","Intellectual_Curiosity",0.99,0.0607372423128371
"shape_Gemma2_9b_zero_shot","ope","Aesthetic_Sensitivity",0.99,0.0376189495918838
"shape_Gemma2_9b_zero_shot","ope","Creative_Imagination",0.99,0.0398096895070957
"shape_Gemma2_27b_zero_shot","ope","Intellectual_Curiosity",0.95,0.0894616122178889
"shape_Gemma2_27b_zero_shot","ope","Aesthetic_Sensitivity",0.99,0.0432308891154819
"shape_Gemma2_27b_zero_shot","ope","Creative_Imagination",0.99,0.0572033515425783
"shape_GPT4o_mini_zero_shot","ope","Intellectual_Curiosity",0.93,0.0655253728732515
"shape_GPT4o_mini_zero_shot","ope","Aesthetic_Sensitivity",0.93,0.0940628930099946
"shape_GPT4o_mini_zero_shot","ope","Creative_Imagination",0.91,0.095161223616309
"shape_GPT4o_zero_shot","ope","Intellectual_Curiosity",0.99,0.0530374091617052
"shape_GPT4o_zero_shot","ope","Aesthetic_Sensitivity",0.99,0.039260532446871
"shape_GPT4o_zero_shot","ope","Creative_Imagination",1,0.0228393062212435
"shape_Llama3_8b_zero_shot","ope","Intellectual_Curiosity",0.69,0.139474865293343
"shape_Llama3_8b_zero_shot","ope","Aesthetic_Sensitivity",0.94,0.0683078237512964
"shape_Llama3_8b_zero_shot","ope","Creative_Imagination",0.72,0.135960656078508
"shape_Llama3_70b_zero_shot","ope","Intellectual_Curiosity",0.98,0.065317954068662
"shape_Llama3_70b_zero_shot","ope","Aesthetic_Sensitivity",0.98,0.0498873698319227
"shape_Llama3_70b_zero_shot","ope","Creative_Imagination",1,0.024104175293447
"shape_Mistral_7b_zero_shot","ope","Intellectual_Curiosity",0.96,0.0522470210316319
"shape_Mistral_7b_zero_shot","ope","Aesthetic_Sensitivity",0.99,0.0199019611981451
"shape_Mistral_7b_zero_shot","ope","Creative_Imagination",0.98,0.0452164802037195
