simulation_profile,"I am someone who Is outgoing, sociable.","I am someone who Is compassionate, has a soft heart.",I am someone who Tends to be disorganized.,"I am someone who Is relaxed, handles stress well.",I am someone who Has few artistic interests.,I am someone who Has an assertive personality.,"I am someone who Is respectful, treats others with respect.",I am someone who Tends to be lazy.,I am someone who Stays optimistic after experiencing a setback.,I am someone who Is curious about many different things.,I am someone who Rarely feels excited or eager.,I am someone who Tends to find fault with others.,"I am someone who Is dependable, steady.","I am someone who Is moody, has up and down mood swings.","I am someone who Is inventive, finds clever ways to do things.",I am someone who Tends to be quiet.,I am someone who Feels little sympathy for others.,"I am someone who Is systematic, likes to keep things in order.",I am someone who Can be tense.,"I am someone who Is fascinated by art, music, or literature.","I am someone who Is dominant, acts as a leader.",I am someone who Starts arguments with others.,I am someone who Has difficulty getting started on tasks.,"I am someone who Feels secure, comfortable with self.","I am someone who Avoids intellectual, philosophical discussions.",I am someone who Is less active than other people.,I am someone who Has a forgiving nature.,I am someone who Can be somewhat careless.,"I am someone who Is emotionally stable, not easily upset.",I am someone who Has little creativity.,"I am someone who Is sometimes shy, introverted.",I am someone who Is helpful and unselfish with others.,I am someone who Keeps things neat and tidy.,I am someone who Worries a lot.,I am someone who Values art and beauty.,I am someone who Finds it hard to influence people.,I am someone who Is sometimes rude to others.,"I am someone who Is efficient, gets things done.",I am someone who Often feels sad.,"I am someone who Is complex, a deep thinker.",I am someone who Is full of energy.,I am someone who Is suspicious of others’ intentions.,"I am someone who Is reliable, can always be counted on.",I am someone who Keeps their emotions under control.,I am someone who Has difficulty imagining things.,I am someone who Is talkative.,I am someone who Can be cold and uncaring.,"I am someone who Leaves a mess, doesn’t clean up.",I am someone who Rarely feels anxious or afraid.,I am someone who Thinks poetry and plays are boring.,I am someone who Prefers to have others take charge.,"I am someone who Is polite, courteous to others.","I am someone who Is persistent, works until the task is finished.","I am someone who Tends to feel depressed, blue.",I am someone who Has little interest in abstract Ideas.,I am someone who Shows a lot of Enthusiasm.,I am someone who Assumes the best about people.,I am someone who Sometimes behaves irresponsibly.,"I am someone who Is temperamental, gets emotional easily.","I am someone who Is original, comes up with new Ideas."
"extremely timid, extremely introverted, extremely gloomy, extremely unenergetic and extremely unassertive",1,2,2,1,2,1,3,2,2,2,5,2,2,4,2,4,2,2,2,2,1,1,4,2,4,4,2,2,2,2,4,2,2,5,2,4,2,2,5,2,5,2,2,2,4,1,2,2,5,4,4,3,1,5,4,1,2,2,2,2
"extremely bold, extremely extraverted, extremely cheerful, extremely energetic and extremely assertive",5,1,1,1,5,5,4,1,5,5,1,2,2,1,5,1,2,2,1,5,5,2,5,2,5,5,2,2,2,5,1,5,2,1,5,5,1,5,1,2,5,2,3,2,5,5,1,2,2,1,1,2,5,1,5,5,4,2,2,5
"extremely inactive, extremely unassertive, extremely silent, extremely unenergetic and extremely unfriendly",1,1,2,1,2,1,2,5,1,1,4,2,1,2,1,5,1,2,1,1,1,1,4,1,2,1,1,2,1,3,2,1,1,1,2,5,1,1,2,2,1,2,1,1,3,1,1,2,5,2,4,1,1,2,3,1,1,2,2,1
"extremely active, extremely assertive, extremely talkative, extremely energetic and extremely friendly",5,2,4,1,5,5,4,1,4,4,5,2,2,2,4,1,4,2,2,4,5,2,5,2,5,5,2,2,2,5,1,4,2,2,4,5,1,4,2,2,5,2,3,2,5,5,1,2,4,4,2,2,5,1,4,5,4,2,2,4
"extremely timid, extremely unassertive, extremely gloomy, extremely unenergetic and extremely silent",1,1,2,1,2,1,2,2,1,1,5,2,1,4,1,5,1,1,1,1,1,1,2,1,2,2,1,1,1,2,2,2,2,5,2,2,1,1,5,1,1,2,1,2,3,1,1,1,5,1,2,2,1,5,2,1,1,1,1,1
"extremely bold, extremely assertive, extremely cheerful, extremely energetic and extremely talkative",5,1,5,1,5,5,4,1,5,5,5,2,2,1,5,1,1,2,1,5,5,2,5,2,5,5,2,2,2,5,1,5,2,1,5,5,5,5,1,2,5,2,4,2,5,5,1,2,4,1,2,1,5,1,5,5,4,2,2,5
"extremely unfriendly, extremely timid, extremely unadventurous, extremely introverted and extremely unassertive",1,2,2,2,2,1,2,2,2,2,2,2,2,2,1,2,1,2,2,1,1,1,2,1,2,2,2,1,2,2,2,2,2,2,2,2,1,2,2,2,1,2,2,2,2,1,1,2,5,1,2,2,1,2,2,1,2,2,2,2
"extremely friendly, extremely bold, extremely adventurous and daring, extremely extraverted and extremely assertive",5,1,2,1,5,5,2,1,4,5,1,2,2,2,5,1,2,2,2,4,5,5,4,2,4,1,2,2,2,1,1,5,2,1,5,5,2,2,1,2,5,4,2,2,1,5,1,2,2,1,1,1,5,1,2,5,4,4,2,5
"extremely silent, extremely inactive, extremely unfriendly, extremely gloomy and extremely unassertive",1,1,2,1,2,1,1,1,1,1,4,1,1,1,1,1,1,2,1,1,1,1,3,1,1,1,1,2,1,3,2,1,1,1,1,2,1,1,1,2,1,1,1,1,1,1,1,1,5,1,2,1,1,1,4,1,1,1,1,1
"extremely talkative, extremely active, extremely friendly, extremely cheerful and extremely assertive",5,2,4,1,5,5,5,1,5,5,5,2,2,1,4,1,4,2,2,5,5,2,5,4,5,5,2,2,4,5,1,5,2,4,5,5,1,4,1,2,5,4,4,2,5,5,1,2,4,4,2,2,5,1,5,5,4,2,2,5
"extremely unfriendly, extremely unenergetic, extremely unassertive, extremely timid and extremely inactive",1,1,2,1,2,1,1,1,1,1,5,1,1,1,1,1,1,1,1,1,1,1,2,1,1,1,1,1,1,2,2,1,1,1,1,2,1,1,1,1,1,1,1,1,2,1,1,1,5,1,2,1,1,1,2,1,1,1,1,1
"extremely friendly, extremely energetic, extremely assertive, extremely bold and extremely active",5,2,4,1,5,5,5,1,5,5,5,2,2,2,5,1,4,2,1,5,5,4,5,2,5,5,2,2,4,5,1,5,2,1,4,5,4,5,1,4,5,4,4,4,5,5,1,2,4,1,2,2,5,1,4,5,4,4,2,5
"extremely unenergetic, extremely timid, extremely gloomy, extremely introverted and extremely silent",1,2,2,1,2,1,2,2,1,1,5,2,1,4,1,5,2,2,2,1,1,1,4,1,2,4,2,1,2,2,2,2,2,4,2,2,1,1,5,2,1,2,2,2,4,1,2,1,5,2,2,2,1,5,4,1,2,1,2,1
"extremely energetic, extremely bold, extremely cheerful, extremely extraverted and extremely talkative",5,2,2,1,5,5,4,1,5,5,1,2,2,1,5,1,2,2,1,5,5,5,5,2,5,5,2,2,2,5,1,5,2,1,5,5,2,2,1,2,5,2,2,1,5,5,1,2,2,1,1,2,5,1,5,5,5,2,2,5
"extremely immoral, extremely stingy, extremely selfish, extremely uncooperative and extremely unkind",1,1,2,1,5,2,1,2,1,2,4,5,1,2,1,2,5,2,2,1,1,5,2,1,4,2,1,2,5,2,2,1,1,1,1,5,5,1,2,2,2,5,1,5,2,1,5,1,5,5,5,1,1,2,4,1,1,4,4,1
"extremely moral, extremely generous, extremely unselfish, extremely cooperative and extremely kind",2,5,2,2,4,2,5,1,4,3,5,2,4,2,3,2,1,3,4,3,2,1,4,4,4,4,4,2,2,5,4,5,3,1,4,5,1,2,2,4,2,1,4,2,4,2,1,1,4,4,2,5,4,1,5,4,4,4,2,2
"extremely self-important, extremely distrustful, extremely unkind, extremely stingy and extremely unaltruistic",1,1,1,1,5,5,1,5,1,1,5,5,1,5,1,2,5,2,5,2,5,5,5,1,5,5,1,2,5,5,2,1,2,5,2,5,5,1,1,2,2,5,1,5,5,1,5,5,5,5,5,1,1,1,5,1,1,5,5,5
"extremely humble, extremely trustful, extremely kind, extremely generous and extremely altruistic",2,5,4,2,4,2,5,4,4,4,5,2,4,2,3,2,1,3,2,4,2,1,4,2,4,5,4,2,4,5,4,5,3,1,4,5,1,2,2,4,2,1,4,4,4,2,1,1,4,1,4,4,4,1,5,4,4,4,2,3
"extremely dishonest, extremely distrustful, extremely uncooperative, extremely disagreeable and extremely unkind",1,1,1,5,5,5,1,5,1,1,5,5,1,5,1,1,5,1,5,1,1,5,5,1,5,5,1,1,5,5,1,1,1,5,1,5,5,1,1,1,1,5,1,1,5,1,5,1,5,5,5,1,1,1,5,1,1,5,5,1
"extremely honest, extremely trustful, extremely cooperative, extremely agreeable and extremely kind",4,5,4,4,4,4,5,4,4,5,5,4,4,2,4,4,4,4,1,4,3,1,5,4,5,5,5,4,4,5,5,5,4,4,5,5,5,4,4,4,4,4,5,4,5,4,1,1,4,4,4,5,5,3,5,5,4,4,3,4
"extremely immoral, extremely selfish, extremely unkind, extremely disagreeable and extremely distrustful",1,1,2,1,5,2,1,2,1,2,4,5,1,4,2,2,5,2,2,2,2,5,2,1,2,2,1,2,1,2,2,1,2,1,2,2,4,1,1,2,2,5,1,2,2,1,5,2,2,2,2,1,2,2,4,1,1,4,2,2
"extremely moral, extremely unselfish, extremely kind, extremely agreeable and extremely trustful",2,5,4,2,4,2,5,4,4,4,4,2,4,2,3,4,4,3,2,4,2,1,4,4,4,4,4,2,4,5,4,5,4,2,4,4,1,2,4,4,2,4,5,2,4,2,4,1,4,4,4,5,5,1,4,4,5,4,2,3
"extremely unkind, extremely distrustful, extremely uncooperative, extremely stingy and extremely self-important",1,1,2,1,5,5,1,2,1,1,4,5,1,5,1,2,5,2,2,1,2,1,2,1,5,2,1,2,5,5,2,1,1,1,1,5,1,1,2,2,1,5,1,2,2,1,5,1,5,5,5,1,1,2,4,1,1,2,5,1
"extremely kind, extremely trustful, extremely cooperative, extremely generous and extremely humble",3,5,4,4,5,4,5,4,4,4,5,1,4,2,3,4,1,3,2,4,2,1,4,4,4,5,4,2,4,5,4,5,3,4,4,5,1,2,2,4,2,1,5,4,5,2,1,1,4,1,4,5,5,1,5,4,5,4,2,4
"extremely selfish, extremely stingy, extremely distrustful, extremely unaltruistic and extremely immoral",1,1,2,2,2,4,1,2,1,2,2,5,1,2,2,2,5,2,2,1,2,2,2,1,4,2,1,2,5,2,2,5,2,2,2,2,2,1,2,2,2,5,1,2,2,1,5,2,5,4,4,1,1,2,4,1,1,4,2,1
"extremely unselfish, extremely generous, extremely trustful, extremely altruistic and extremely moral",2,5,2,2,4,2,5,1,2,3,5,2,3,2,2,2,1,2,2,3,2,1,4,2,4,4,2,2,2,5,2,5,2,1,4,5,2,2,2,3,2,1,4,2,4,2,1,1,4,4,2,4,4,1,4,4,4,1,2,2
"extremely dishonest, extremely unkind, extremely distrustful, extremely unsympathetic and extremely self-important",1,1,5,5,5,5,1,5,1,5,5,5,1,5,1,5,5,5,5,1,5,5,5,1,5,5,1,5,5,5,5,5,1,5,5,5,5,5,1,5,1,5,1,5,5,1,5,5,5,5,5,1,1,1,5,1,1,5,5,5
"extremely honest, extremely kind, extremely trustful, extremely sympathetic and extremely humble",3,5,4,3,4,3,5,4,4,4,4,2,4,2,3,4,4,3,2,3,3,1,4,4,4,4,4,2,3,4,4,5,3,2,4,4,1,3,3,4,3,4,4,3,4,2,1,2,4,2,4,4,5,2,4,4,4,2,2,3
"extremely irresponsible, extremely lazy, extremely impractical, extremely messy and extremely unsure",1,2,5,1,4,2,2,5,2,2,4,4,1,4,2,2,2,1,2,2,1,2,5,1,4,5,2,4,2,4,2,2,5,1,2,4,4,1,2,2,1,2,1,5,4,2,4,5,4,5,5,1,1,2,4,2,2,5,4,2
"extremely responsible, extremely hardworking, extremely practical, extremely orderly and extremely self-efficacious",1,2,1,1,2,2,4,1,2,2,2,2,5,2,2,2,2,5,2,2,2,1,1,2,4,5,2,1,2,1,2,4,5,1,2,4,1,5,1,2,2,2,5,3,2,1,2,1,2,2,2,3,5,1,4,2,2,1,1,2
"extremely undisciplined, extremely lazy, extremely extravagant, extremely disorganized and extremely impractical",2,2,5,1,5,2,2,5,2,4,4,4,1,4,2,2,4,1,2,2,1,2,5,1,4,5,2,4,2,4,2,2,1,2,4,4,4,1,2,2,1,2,1,2,4,4,4,5,4,5,5,2,1,2,4,2,2,5,4,2
"extremely self-disciplined, extremely hardworking, extremely thrifty, extremely organized and extremely practical",1,2,1,1,2,2,3,1,2,2,4,2,4,2,2,2,2,4,2,2,2,1,1,2,4,2,1,1,2,1,2,2,5,2,2,4,2,5,2,2,2,2,4,2,4,1,2,1,2,2,2,2,5,1,4,2,2,1,1,2
"extremely extravagant, extremely disorganized, extremely messy, extremely impractical and extremely lazy",1,2,5,1,5,2,2,5,2,2,4,4,1,4,2,2,4,1,2,2,1,2,4,1,4,5,2,4,5,4,2,2,1,2,4,4,4,1,2,2,1,2,1,5,4,4,4,5,4,5,5,1,1,2,4,2,2,5,4,2
"extremely thrifty, extremely organized, extremely orderly, extremely practical and extremely hardworking",1,2,1,1,2,2,2,1,2,2,4,2,4,2,2,2,2,5,2,1,2,1,2,2,4,2,1,1,2,2,2,2,5,2,2,4,2,5,1,2,2,2,4,2,4,1,2,1,2,2,2,2,5,1,4,1,2,1,2,2
"extremely impractical, extremely disorganized, extremely careless, extremely messy and extremely unsure",1,2,5,1,5,2,2,5,2,4,4,4,1,4,2,2,4,1,2,2,1,4,5,1,5,5,2,5,5,5,4,2,5,5,2,4,4,1,2,2,5,2,1,5,5,2,4,5,5,5,5,1,1,4,4,2,2,5,4,5
"extremely practical, extremely organized, extremely thorough, extremely orderly and extremely self-efficacious",2,2,1,1,2,4,4,1,2,2,2,2,5,2,2,2,2,5,2,2,2,1,1,2,4,2,2,1,2,1,2,4,5,2,2,4,2,5,1,2,2,2,5,2,2,2,2,1,2,2,2,3,5,1,4,2,2,1,1,2
"extremely impractical, extremely unsure, extremely lazy, extremely negligent and extremely messy",1,2,5,2,4,2,2,5,2,2,4,2,1,4,2,2,2,1,2,2,2,2,4,1,4,5,2,4,5,4,2,2,5,2,2,4,4,5,2,2,1,2,1,5,4,2,3,5,4,4,4,1,1,2,4,1,2,5,4,2
"extremely practical, extremely self-efficacious, extremely hardworking, extremely conscientious and extremely orderly",1,2,1,1,4,2,4,1,2,2,2,2,5,2,2,2,2,5,2,2,3,1,1,2,4,5,2,1,2,1,2,4,5,1,2,4,1,5,1,2,2,2,5,3,1,1,2,1,2,2,2,3,5,1,4,2,2,1,1,2
"extremely messy, extremely unsure, extremely lazy, extremely disorganized and extremely impractical",1,2,5,1,4,1,2,5,2,2,4,2,1,4,2,2,2,1,2,2,2,2,5,1,4,5,2,4,5,4,4,2,1,4,2,4,4,1,2,2,1,2,1,5,4,2,2,5,5,4,4,2,1,2,4,2,2,4,4,2
"extremely orderly, extremely self-efficacious, extremely hardworking, extremely organized and extremely practical",2,2,1,1,1,4,4,1,4,2,2,2,5,2,2,2,2,5,2,2,3,1,1,2,4,4,2,1,3,1,2,4,5,1,2,4,1,5,1,2,2,2,5,2,4,1,2,1,2,2,2,3,5,1,4,2,2,1,1,2
"extremely careless, extremely disorganized, extremely unsure, extremely irresponsible and extremely negligent",1,1,5,1,5,1,1,5,1,2,5,4,1,5,1,2,1,1,1,1,1,5,5,1,5,5,1,5,5,5,2,1,1,1,1,5,5,1,1,1,1,2,1,5,5,5,5,5,5,5,5,1,1,5,5,1,2,5,5,2
"extremely thorough, extremely organized, extremely self-efficacious, extremely responsible and extremely conscientious",2,2,1,2,4,4,5,1,4,4,4,2,5,2,3,2,4,5,2,2,4,2,5,4,4,5,2,1,4,1,2,4,5,1,4,4,1,5,2,4,2,2,5,4,4,2,1,1,2,1,2,4,5,1,5,3,2,1,1,3
"extremely unselfconscious, extremely easygoing, extremely at ease, extremely patient and extremely happy",4,5,4,5,4,3,5,4,5,4,4,2,3,1,3,2,4,2,1,3,3,2,4,5,4,4,4,2,5,4,1,5,3,4,4,4,2,3,1,2,2,1,4,4,4,3,2,2,4,2,4,4,4,1,4,5,4,2,1,4
"extremely self-conscious, extremely anxious, extremely nervous, extremely irritable and extremely depressed",1,1,2,1,5,1,2,2,1,2,5,4,1,5,1,4,4,2,4,1,2,2,5,1,5,5,1,1,5,4,2,2,2,5,2,4,4,1,5,2,1,4,1,5,5,1,5,2,5,5,5,2,1,5,5,1,2,2,5,2
"extremely easygoing, extremely emotionally stable, extremely relaxed, extremely unselfconscious and extremely at ease",3,4,2,5,4,2,5,3,4,4,4,2,4,1,3,2,3,2,1,3,3,2,4,5,4,4,4,2,5,4,2,4,3,1,4,4,2,3,1,2,2,2,4,3,4,2,2,2,4,2,4,4,3,1,4,3,4,2,1,3
"extremely anxious, extremely emotionally unstable, extremely tense, extremely self-conscious and extremely nervous",5,2,2,5,5,2,2,2,2,2,5,4,2,5,2,2,4,2,5,2,2,2,5,1,5,5,2,2,5,4,2,2,2,5,4,5,5,1,5,2,2,4,2,5,5,2,4,2,5,5,5,2,2,5,5,2,2,4,5,2
"extremely happy, extremely easygoing, extremely level-headed, extremely relaxed and extremely unselfconscious",5,3,2,5,4,3,5,3,5,3,1,2,3,1,3,2,2,3,1,3,3,2,1,5,4,4,4,2,5,4,2,4,3,1,4,4,1,3,1,2,2,2,3,4,1,3,2,2,4,2,3,4,3,1,4,5,4,2,1,3
"extremely depressed, extremely anxious, extremely impulsive, extremely tense and extremely self-conscious",5,2,5,5,5,2,2,5,1,2,5,4,1,5,2,2,4,1,5,2,2,2,5,1,5,5,1,2,5,4,2,2,1,5,2,5,5,1,5,2,5,4,1,5,5,2,4,5,5,5,5,2,1,5,5,1,2,5,5,2
"extremely easygoing, extremely at ease, extremely level-headed, extremely contented and extremely unselfconscious",3,4,4,5,3,3,4,3,4,4,4,2,3,2,3,3,3,3,1,3,3,2,4,5,3,3,4,2,5,4,2,4,3,3,4,4,2,3,2,2,2,3,4,3,4,3,3,3,3,3,4,4,3,1,4,3,4,3,1,3
"extremely anxious, extremely nervous, extremely impulsive, extremely discontented and extremely self-conscious",1,2,4,5,5,2,2,2,2,2,5,4,2,5,2,2,4,1,5,2,2,5,5,1,5,5,2,2,5,5,5,2,2,5,2,5,4,2,5,2,2,4,2,5,5,2,4,2,5,5,4,2,2,5,5,2,2,5,5,2
"extremely emotionally stable, extremely at ease, extremely happy, extremely level-headed and extremely relaxed",3,4,2,5,4,3,5,3,4,4,4,2,4,1,3,3,2,4,2,3,3,1,2,4,4,3,3,2,5,4,2,4,3,1,4,4,2,4,1,4,2,2,4,3,4,2,2,2,4,2,4,4,4,1,4,5,4,2,1,3
"extremely emotionally unstable, extremely nervous, extremely depressed, extremely impulsive and extremely tense",1,2,4,5,5,2,2,2,1,2,5,4,1,5,2,2,2,1,5,2,2,5,5,1,5,5,2,2,5,5,2,2,2,5,2,4,5,1,5,2,5,4,1,5,5,2,4,5,5,5,5,2,2,5,4,2,2,5,5,2
"extremely relaxed, extremely level-headed, extremely emotionally stable, extremely easygoing and extremely unselfconscious",3,3,3,5,3,3,4,3,4,4,4,2,4,2,3,3,3,3,1,3,3,2,3,4,3,3,4,2,5,3,2,4,3,3,3,4,2,3,3,4,2,3,4,3,4,3,3,3,3,3,3,4,4,2,4,2,3,3,1,3
"extremely tense, extremely impulsive, extremely emotionally unstable, extremely anxious and extremely self-conscious",5,2,4,5,5,2,2,2,5,2,5,4,1,5,2,5,4,1,5,2,2,5,5,1,5,5,2,2,5,5,2,2,2,5,4,5,5,2,5,2,5,4,2,5,5,2,5,5,5,4,5,2,2,5,4,5,2,5,5,2
"extremely contented, extremely calm, extremely level-headed, extremely patient and extremely unselfconscious",3,4,3,5,4,3,4,3,4,4,2,2,4,2,3,3,3,3,2,3,3,2,2,5,4,3,4,2,5,4,2,4,3,1,3,4,2,3,1,4,1,2,4,4,4,2,3,2,4,2,3,4,4,1,4,2,4,2,1,3
"extremely discontented, extremely angry, extremely impulsive, extremely irritable and extremely self-conscious",1,1,2,1,5,5,1,5,1,2,5,5,1,5,1,1,5,1,5,1,2,5,5,1,5,5,1,2,5,5,2,2,1,5,2,5,5,1,5,2,5,5,1,5,5,5,5,5,5,5,5,1,2,5,5,1,1,5,5,5
"extremely unsophisticated, extremely predictable, extremely unimaginative, extremely artistically unappreciative and extremely socially conservative",1,2,2,2,5,4,4,4,2,2,2,4,4,2,2,2,4,4,4,1,2,2,4,2,5,2,2,2,2,5,2,2,4,4,1,4,4,4,2,1,2,4,4,2,4,2,4,2,4,5,4,4,4,2,4,2,2,2,4,2
"extremely sophisticated, extremely spontaneous, extremely imaginative, extremely artistically appreciative and extremely socially progressive",4,4,2,3,1,4,4,2,4,5,4,2,2,2,4,2,2,2,4,5,2,2,4,4,4,4,4,2,4,1,2,4,2,2,5,4,4,2,2,4,4,2,2,4,4,4,2,2,2,2,2,4,4,1,2,4,4,4,2,5
"extremely artistically unappreciative, extremely unimaginative, extremely uninquisitive, extremely unreflective and extremely socially conservative",1,2,2,2,5,2,2,2,2,2,2,4,2,2,1,2,4,4,2,1,2,2,2,2,5,2,2,2,2,5,2,2,4,2,1,2,2,2,2,1,2,4,2,2,5,1,4,2,2,5,4,4,2,2,5,1,2,2,2,1
"extremely artistically appreciative, extremely imaginative, extremely curious, extremely reflective and extremely socially progressive",2,4,3,2,1,4,5,2,4,5,4,2,2,3,5,2,2,2,4,5,2,2,4,4,4,4,4,2,4,1,2,4,2,2,5,4,2,2,2,5,3,2,2,2,4,3,2,2,4,2,2,4,4,2,4,4,4,4,2,5
"extremely unimaginative, extremely unanalytical, extremely socially conservative, extremely emotionally closed and extremely predictable",1,2,2,2,5,2,3,2,2,1,4,2,4,2,1,4,4,4,2,1,2,2,3,2,5,2,2,2,2,5,2,2,4,2,2,4,2,4,2,1,2,4,4,5,5,1,4,2,2,5,4,4,3,2,5,2,2,2,2,1
"extremely imaginative, extremely analytical, extremely socially progressive, extremely emotionally aware and extremely spontaneous",2,4,2,2,1,4,5,2,4,5,4,2,2,3,5,2,2,2,4,4,3,2,2,4,4,4,4,2,4,1,2,4,2,2,5,4,2,2,2,5,4,2,3,4,1,4,2,2,4,2,2,3,4,2,2,4,4,2,2,5
"extremely socially conservative, extremely unintelligent, extremely unanalytical, extremely artistically unappreciative and extremely uninquisitive",1,1,4,2,5,5,5,4,2,2,4,4,2,4,2,2,5,2,2,5,2,5,4,1,5,4,2,4,5,5,2,2,5,5,1,4,4,2,2,1,2,4,2,2,5,1,4,5,5,5,4,4,2,2,5,2,2,2,5,2
"extremely socially progressive, extremely intelligent, extremely analytical, extremely artistically appreciative and extremely curious",2,2,2,2,4,4,5,2,4,5,4,2,2,2,4,2,2,2,4,5,2,2,4,4,2,4,3,2,3,4,2,4,2,2,5,4,4,2,2,5,3,2,3,4,4,3,2,2,4,2,2,4,4,2,2,4,4,4,2,4
"extremely unreflective, extremely unsophisticated, extremely unanalytical, extremely predictable and extremely emotionally closed",1,2,2,2,5,2,2,4,2,1,4,2,2,2,2,4,5,2,2,1,2,2,4,1,5,2,2,4,1,5,2,2,2,1,2,5,5,2,2,1,2,4,2,5,5,1,5,2,5,5,5,2,2,1,5,1,2,2,5,2
"extremely reflective, extremely sophisticated, extremely analytical, extremely spontaneous and extremely emotionally aware",2,4,2,2,4,4,4,2,4,4,4,2,2,2,4,2,2,2,2,4,3,2,2,4,4,4,2,2,4,4,2,4,3,2,4,4,2,3,4,5,2,2,4,4,4,2,2,2,4,2,4,4,4,2,4,3,4,2,2,4
"extremely unsophisticated, extremely socially conservative, extremely unimaginative, extremely emotionally closed and extremely predictable",1,2,2,2,5,2,2,2,2,2,4,4,4,2,2,2,4,4,2,2,2,2,2,2,5,2,2,2,2,5,2,2,4,4,2,2,2,2,2,2,2,4,2,3,4,2,2,2,2,5,4,4,4,2,4,2,2,2,2,2
"extremely sophisticated, extremely socially progressive, extremely imaginative, extremely emotionally aware and extremely spontaneous",3,4,2,3,2,4,4,2,4,4,4,2,2,2,4,2,2,2,3,4,3,2,4,4,4,4,4,2,4,4,2,4,2,2,4,4,4,2,3,4,4,2,3,2,4,4,2,2,4,2,2,4,4,2,4,4,4,3,3,5
"extremely unimaginative, extremely unaesthetic, extremely unanalytical, extremely unsophisticated and extremely predictable",1,2,4,2,4,2,4,4,2,1,4,2,4,2,1,2,2,4,3,1,2,2,4,2,4,2,2,4,2,5,2,2,4,2,1,4,2,4,2,1,2,2,3,2,4,2,3,2,2,5,4,4,3,2,4,2,2,2,2,1
"extremely imaginative, extremely aesthetic, extremely analytical, extremely sophisticated and extremely spontaneous",2,3,2,3,4,4,4,2,4,5,4,3,2,3,5,2,2,2,4,5,3,2,4,4,4,4,3,2,4,1,2,4,2,2,5,4,4,2,3,5,4,3,2,2,1,4,2,2,4,2,2,4,4,2,4,4,4,4,3,5
"very unenergetic, very inactive, very introverted, very unassertive and very unadventurous",5,2,3,2,4,1,3,4,2,2,4,2,2,4,2,4,2,2,2,2,1,1,4,2,4,4,2,2,2,4,4,2,2,4,2,4,2,2,2,2,5,2,2,2,4,1,2,2,4,4,4,4,2,4,4,1,2,2,2,2
"very energetic, very active, very extraverted, very assertive and very adventurous and daring",5,1,2,1,4,5,2,1,4,5,4,2,2,2,5,1,2,1,2,3,5,4,2,2,5,1,2,2,2,4,1,2,2,2,4,4,2,2,1,2,5,2,2,2,2,5,1,2,2,2,1,1,5,1,4,5,2,2,2,5
"very unassertive, very timid, very inactive, very gloomy and very unfriendly",5,2,2,2,2,1,2,4,2,2,4,2,2,4,2,4,2,2,2,2,1,1,2,2,4,4,2,2,2,2,2,2,2,4,2,4,2,2,4,2,5,2,2,2,4,1,2,2,5,2,4,2,1,5,4,2,2,2,2,2
"very assertive, very bold, very active, very cheerful and very friendly",5,2,2,2,4,5,4,1,4,4,4,2,3,2,4,1,4,2,1,3,5,2,4,3,4,5,2,2,4,4,1,4,3,2,4,4,2,4,1,2,5,2,4,4,4,4,2,2,4,2,2,2,5,1,4,5,4,2,2,4
"very introverted, very unenergetic, very silent, very unassertive and very gloomy",1,2,2,1,4,1,3,4,2,1,5,2,2,4,2,5,2,2,2,2,1,1,4,1,4,5,2,2,2,4,4,2,2,4,2,4,2,2,5,2,1,2,2,2,4,1,4,2,5,4,4,2,1,5,4,1,2,2,1,2
"very extraverted, very energetic, very talkative, very assertive and very cheerful",5,2,2,1,5,5,4,1,5,4,4,2,2,1,4,1,2,2,2,4,5,2,4,2,5,5,2,2,2,4,1,4,2,2,4,4,2,4,1,2,5,2,3,2,4,5,1,2,4,2,2,2,5,1,4,5,4,2,2,4
"very unenergetic, very inactive, very timid, very gloomy and very unfriendly",5,1,2,1,4,1,2,5,5,1,4,2,1,4,1,4,4,2,2,1,1,1,4,1,4,5,2,2,2,2,2,2,2,4,2,4,2,1,5,2,5,2,1,4,4,1,4,2,5,5,4,1,1,5,4,1,2,2,4,1
"very energetic, very active, very bold, very cheerful and very friendly",5,2,4,1,5,5,4,1,5,5,5,2,2,1,4,1,4,2,1,4,4,2,4,2,5,5,2,2,2,5,1,5,2,1,4,5,4,4,1,2,5,4,2,4,1,5,1,2,4,2,2,2,5,1,5,5,4,4,2,5
"very unenergetic, very gloomy, very introverted, very timid and very unfriendly",5,2,2,1,4,1,2,2,1,2,5,2,2,4,2,5,2,2,4,2,1,1,4,1,4,5,1,2,2,2,4,2,2,4,2,4,2,1,5,2,1,2,2,4,4,1,4,2,5,4,4,1,1,5,4,1,2,2,4,2
"very energetic, very cheerful, very extraverted, very bold and very friendly",5,2,4,1,5,5,5,1,5,5,4,2,2,1,5,1,4,2,2,5,5,2,4,3,5,5,4,2,4,5,1,5,2,4,5,5,2,2,1,2,5,2,3,4,5,5,1,2,4,2,2,3,5,1,5,5,5,4,2,5
"very inactive, very unadventurous, very silent, very unassertive and very unenergetic",1,2,3,2,4,2,3,5,2,1,4,2,2,2,2,5,2,2,2,2,2,1,4,2,2,5,2,2,2,3,4,2,2,2,2,4,2,2,2,2,5,2,2,2,4,5,2,2,4,4,4,4,2,2,4,1,2,2,2,2
"very active, very adventurous and daring, very talkative, very assertive and very energetic",5,1,2,1,2,5,2,1,4,5,4,2,2,2,4,1,2,2,2,2,5,4,4,2,4,1,2,2,2,1,1,2,2,2,2,4,2,2,1,2,5,2,2,2,2,5,2,2,4,2,1,1,4,1,4,5,2,4,2,4
"very unadventurous, very gloomy, very unenergetic, very introverted and very timid",1,2,2,2,4,1,4,4,2,1,5,2,2,4,1,4,2,2,4,2,1,2,4,2,4,5,2,2,4,4,5,2,4,4,2,4,2,2,5,2,5,4,2,4,4,1,2,2,5,4,4,2,2,5,4,1,2,2,4,2
"very adventurous and daring, very cheerful, very energetic, very extraverted and very bold",5,2,2,1,2,5,2,1,5,5,1,2,2,1,5,1,2,1,2,4,5,4,2,2,5,1,2,2,2,1,1,4,2,1,4,4,2,2,1,2,5,2,2,2,4,5,1,2,2,2,1,2,4,1,4,5,4,4,2,5
"very unsympathetic, very distrustful, very immoral, very self-important and very unaltruistic",2,1,2,2,5,4,1,2,2,2,4,5,1,4,2,2,5,2,4,2,4,4,2,2,4,5,1,4,2,4,2,1,2,1,2,5,4,2,1,2,2,5,1,2,4,2,5,2,4,5,4,1,2,1,4,2,1,4,2,2
"very sympathetic, very trustful, very moral, very humble and very altruistic",2,5,4,3,4,4,5,4,4,4,4,2,4,2,3,4,1,3,2,4,2,2,4,4,4,4,4,2,4,4,4,5,3,2,4,4,2,3,3,4,2,4,4,4,4,2,2,2,4,2,4,5,4,2,4,4,4,2,2,3
"very self-important, very disagreeable, very unsympathetic, very uncooperative and very unkind",1,1,2,5,5,5,1,5,2,2,4,5,1,5,2,2,5,2,2,2,5,5,5,1,5,5,1,2,5,5,2,1,2,2,2,5,5,2,2,2,2,5,1,2,2,2,5,2,5,5,5,1,2,1,5,1,1,2,5,2
"very humble, very agreeable, very sympathetic, very cooperative and very kind",3,5,4,4,4,2,5,4,4,4,4,4,4,2,3,4,4,3,2,4,2,1,4,4,4,4,4,2,4,4,4,5,4,4,4,4,4,3,4,4,2,4,4,4,4,2,4,2,4,2,4,5,4,3,4,2,4,4,2,2
"very unaltruistic, very distrustful, very self-important, very selfish and very stingy",1,1,2,2,5,5,1,2,1,2,4,5,1,4,2,2,5,2,4,2,5,4,2,1,4,4,1,4,2,4,2,1,4,2,2,5,4,2,2,2,2,5,1,4,4,2,5,2,5,4,5,1,2,1,4,1,1,4,4,2
"very altruistic, very trustful, very humble, very unselfish and very generous",2,5,2,2,4,2,5,4,4,3,4,2,4,2,3,4,1,3,4,3,2,1,4,3,4,4,4,2,3,4,4,5,2,1,4,4,2,2,2,4,2,1,4,2,4,2,1,1,2,2,2,4,4,1,4,4,4,2,2,3
"very stingy, very unsympathetic, very unaltruistic, very immoral and very disagreeable",1,1,2,2,5,4,1,2,1,2,4,5,1,4,2,2,5,2,2,2,2,5,2,1,4,4,1,2,2,4,2,1,2,1,2,4,4,2,2,2,2,5,1,2,4,2,5,2,5,5,4,1,2,1,4,1,1,4,2,2
"very generous, very sympathetic, very altruistic, very moral and very agreeable",3,5,4,4,4,4,5,4,4,4,4,2,4,2,3,4,4,3,4,4,3,2,4,4,4,4,4,4,4,4,4,5,3,4,4,4,4,2,4,4,2,4,4,4,4,4,2,2,4,2,4,4,4,2,4,4,4,4,2,3
"very unaltruistic, very unsympathetic, very immoral, very disagreeable and very self-important",2,1,2,2,5,5,1,4,2,2,4,5,2,4,2,4,5,2,4,2,5,5,4,2,4,4,1,4,5,4,2,1,2,4,4,5,4,5,1,4,2,5,1,4,4,4,5,4,4,5,4,1,2,1,4,2,1,4,4,4
"very altruistic, very sympathetic, very moral, very agreeable and very humble",2,5,4,3,4,4,5,4,4,4,4,2,4,2,3,4,4,3,2,4,2,2,4,4,4,4,4,2,4,4,4,5,3,4,4,4,4,2,3,4,2,2,4,4,4,2,2,2,4,2,4,4,4,2,4,4,4,4,2,3
"very unkind, very self-important, very dishonest, very unsympathetic and very selfish",2,1,2,5,5,5,1,2,5,2,4,5,1,4,2,4,5,2,4,2,5,4,2,5,4,4,1,4,5,5,2,5,2,5,5,5,5,2,5,4,2,5,1,5,4,5,5,2,5,4,5,1,5,5,4,5,2,4,5,2
"very kind, very humble, very honest, very sympathetic and very unselfish",2,5,3,3,4,4,5,2,4,4,4,2,4,2,3,4,1,3,2,3,3,2,4,4,4,4,4,4,3,4,4,5,3,2,4,4,2,2,3,4,2,2,4,4,4,2,1,2,4,2,4,4,4,2,4,3,4,2,2,3
"very dishonest, very selfish, very distrustful, very unaltruistic and very uncooperative",1,1,2,2,4,4,1,2,1,2,4,5,1,2,2,2,5,2,2,2,2,2,2,1,5,4,1,2,2,2,2,5,2,2,2,4,4,1,2,2,2,5,1,5,2,2,5,2,5,4,5,1,1,2,4,1,1,4,2,2
"very honest, very unselfish, very trustful, very altruistic and very cooperative",3,5,4,2,4,2,5,4,4,3,4,2,4,2,3,4,2,3,2,3,2,1,4,3,4,4,4,2,3,4,4,5,3,2,4,4,1,3,4,4,3,1,4,4,4,2,1,1,4,4,2,4,4,2,4,4,4,4,2,3
"very irresponsible, very disorganized, very careless, very lazy and very undisciplined",2,2,5,2,5,2,2,5,2,2,4,4,5,4,2,2,4,5,5,2,2,2,5,2,4,5,2,5,5,4,2,2,5,2,2,4,4,5,2,2,5,2,1,5,4,4,4,5,5,5,5,2,1,2,4,2,2,5,4,2
"very responsible, very organized, very thorough, very hardworking and very self-disciplined",2,2,1,1,2,2,4,1,3,2,4,2,4,2,2,2,2,5,2,2,2,1,1,2,4,2,2,1,3,1,2,4,5,1,2,4,1,5,2,2,2,2,5,4,2,1,2,1,2,2,2,3,5,1,2,2,2,1,1,2
"very undisciplined, very disorganized, very lazy, very extravagant and very careless",2,2,5,2,4,2,2,5,2,4,4,4,1,4,2,2,4,1,2,2,2,4,4,2,4,5,2,4,5,4,2,2,1,2,4,4,4,1,2,2,1,2,1,5,4,4,4,5,5,4,5,2,1,2,4,2,2,5,4,2
"very self-disciplined, very organized, very hardworking, very thrifty and very thorough",2,2,1,1,4,4,4,1,2,2,4,2,4,2,2,2,2,4,2,2,2,2,1,2,4,2,2,1,2,2,2,3,5,2,2,4,2,5,2,2,2,2,4,3,4,1,2,1,2,2,2,3,5,1,4,2,2,1,1,2
"very unsure, very careless, very lazy, very undisciplined and very irresponsible",1,2,3,2,4,2,2,5,2,2,4,2,1,3,2,2,2,1,2,2,2,2,4,1,4,5,2,4,2,3,2,2,1,1,2,3,4,1,2,2,1,2,1,2,4,2,3,2,5,2,4,1,1,2,4,1,2,5,2,2
"very self-efficacious, very thorough, very hardworking, very self-disciplined and very responsible",2,2,1,2,4,4,4,1,4,3,4,2,4,2,3,2,2,4,2,2,4,2,1,4,4,4,2,1,4,4,2,4,4,1,2,4,1,5,1,3,3,2,5,4,4,2,2,1,2,2,2,3,5,1,4,3,3,1,1,3
"very messy, very careless, very extravagant, very undisciplined and very unsure",4,2,5,2,4,4,2,4,4,4,4,4,1,4,2,2,4,1,4,4,2,4,4,1,4,4,2,4,5,4,4,2,1,4,4,4,4,5,4,4,4,2,1,5,4,4,4,5,5,5,4,2,2,4,4,4,2,4,4,2
"very orderly, very thorough, very thrifty, very self-disciplined and very self-efficacious",2,2,1,2,4,2,4,1,4,2,2,2,4,2,2,2,2,5,2,2,2,2,2,3,4,2,2,1,4,2,2,4,5,2,2,4,2,5,2,2,2,2,4,4,2,2,2,1,2,2,2,4,5,1,4,2,2,1,2,2
"very extravagant, very messy, very unsure, very careless and very impractical",2,2,5,4,4,4,2,4,4,4,4,4,1,4,4,2,4,1,4,4,2,4,4,1,4,4,2,4,4,4,4,4,1,4,4,4,4,1,4,4,4,4,1,5,4,4,4,5,4,4,4,1,2,4,4,4,4,4,4,4
"very thrifty, very orderly, very self-efficacious, very thorough and very practical",2,2,1,2,4,2,4,1,3,2,4,2,4,2,2,2,2,5,2,2,2,2,4,3,4,4,2,1,3,2,2,3,5,2,2,4,2,5,2,2,2,2,4,4,4,2,2,1,2,2,2,3,5,2,4,2,2,1,2,2
"very irresponsible, very messy, very negligent, very extravagant and very impractical",4,2,5,4,5,4,1,5,4,4,4,4,1,4,4,2,4,1,4,4,2,4,4,1,4,4,4,4,5,4,2,2,1,2,4,4,4,1,4,4,4,2,1,5,4,4,4,5,4,4,4,1,1,4,4,4,2,5,4,4
"very responsible, very orderly, very conscientious, very thrifty and very practical",2,2,1,2,4,2,4,1,2,2,2,2,4,2,2,2,2,5,2,2,2,2,2,2,4,2,2,1,2,2,2,3,4,2,2,4,2,4,2,2,2,2,4,2,4,1,2,1,2,2,2,4,4,2,4,2,2,1,2,2
"very careless, very negligent, very messy, very unsure and very disorganized",1,2,5,2,4,2,2,5,2,2,4,4,1,4,2,2,2,1,2,2,2,2,4,1,4,4,2,4,5,4,4,2,1,2,2,4,2,1,2,2,2,2,1,5,4,2,2,5,5,2,4,1,1,2,4,2,2,5,4,2
"very thorough, very conscientious, very orderly, very self-efficacious and very organized",2,2,1,2,4,2,4,1,3,2,4,2,4,2,2,2,2,5,2,2,3,2,4,3,4,4,2,1,3,2,2,3,5,2,2,4,1,5,2,2,2,2,5,3,4,2,2,1,2,2,2,3,5,2,4,2,2,1,2,2
"very calm, very patient, very easygoing, very happy and very emotionally stable",3,4,3,5,3,3,4,4,4,4,4,2,4,2,3,3,3,3,1,3,3,2,3,4,4,4,4,2,5,4,2,4,3,2,4,4,2,3,3,3,2,3,4,3,3,3,3,2,4,2,3,4,4,1,4,4,4,2,1,3
"very angry, very irritable, very anxious, very depressed and very emotionally unstable",1,1,2,5,5,5,1,5,5,1,5,4,1,5,1,2,4,1,5,1,2,5,5,5,5,5,1,4,5,5,4,1,5,5,4,5,5,1,5,2,5,4,1,5,5,2,4,5,5,5,5,1,1,5,4,1,1,4,5,5
"very calm, very unselfconscious, very at ease, very emotionally stable and very happy",3,4,2,5,4,4,5,4,4,4,4,2,4,2,3,4,2,3,2,3,3,2,4,4,4,3,4,2,5,4,2,4,3,4,4,4,2,3,1,4,2,2,4,4,4,3,2,2,4,2,3,4,4,1,4,4,4,2,1,3
"very angry, very self-conscious, very nervous, very emotionally unstable and very depressed",1,1,5,1,5,1,2,4,1,2,5,4,1,5,1,5,4,1,5,2,1,4,5,1,5,5,1,4,1,5,5,2,1,5,2,5,4,1,5,4,1,5,1,1,4,1,4,4,5,4,5,1,2,5,4,1,1,4,5,2
"very relaxed, very unselfconscious, very happy, very emotionally stable and very contented",3,4,3,4,4,4,4,4,4,4,4,2,4,2,3,4,2,3,1,3,3,2,4,4,4,3,4,3,5,4,2,4,3,4,4,4,2,3,1,4,2,2,3,4,4,3,2,2,4,2,3,4,3,1,4,4,4,2,2,3
"very tense, very self-conscious, very depressed, very emotionally unstable and very discontented",5,2,2,5,5,2,2,2,5,2,5,4,1,5,2,4,4,2,5,2,2,4,4,1,4,4,1,2,5,4,4,2,2,5,2,4,4,2,5,2,5,4,2,5,4,2,4,2,5,4,4,2,1,5,4,5,2,4,5,2
"very patient, very contented, very at ease, very level-headed and very calm",2,4,2,4,4,3,4,3,4,2,4,2,4,2,3,4,2,3,2,3,3,2,4,4,4,4,4,2,4,4,4,4,3,2,4,4,2,3,2,3,1,2,4,4,4,2,2,2,4,2,3,4,3,1,4,2,4,2,1,2
"very irritable, very discontented, very nervous, very impulsive and very angry",1,1,2,1,5,5,1,1,1,2,5,5,1,5,1,1,5,1,5,1,1,5,5,1,5,5,1,2,5,5,2,1,1,5,1,5,5,1,5,1,1,5,1,5,5,1,4,2,5,5,5,1,1,5,5,1,1,5,5,2
"very unselfconscious, very level-headed, very at ease, very easygoing and very relaxed",3,4,4,5,4,4,4,4,4,4,4,2,4,2,3,2,3,2,2,3,3,2,4,4,4,4,4,2,4,4,2,4,3,2,4,4,4,4,2,2,2,2,4,4,4,3,2,2,4,2,4,4,4,1,4,3,4,2,2,3
"very self-conscious, very impulsive, very nervous, very anxious and very tense",1,2,4,1,4,2,2,2,2,2,4,4,2,4,2,2,2,2,5,2,2,2,4,1,4,4,2,4,5,4,4,2,2,5,2,4,4,2,4,2,2,4,2,4,4,1,2,4,5,4,4,2,2,4,4,2,2,4,4,2
"very at ease, very relaxed, very level-headed, very contented and very easygoing",3,4,4,4,4,3,4,4,4,4,4,3,4,2,3,4,3,3,3,3,3,2,4,4,4,4,4,3,4,4,4,4,3,4,4,4,4,3,2,3,2,3,4,4,3,3,3,3,4,3,4,4,3,2,4,3,4,2,2,3
"very nervous, very tense, very impulsive, very discontented and very anxious",2,2,4,1,5,2,2,2,2,2,5,4,2,5,2,2,4,1,5,2,2,4,5,1,4,5,2,4,5,4,4,2,2,5,2,4,4,2,4,2,2,4,2,5,5,2,4,2,5,4,4,1,2,5,5,2,2,4,5,2
"very patient, very level-headed, very easygoing, very at ease and very relaxed",2,4,4,5,4,2,4,3,4,4,4,2,4,2,3,3,3,3,2,3,2,2,4,4,4,4,4,2,5,4,2,4,3,4,4,4,2,3,2,3,1,2,4,4,4,2,1,2,4,2,4,4,3,1,4,2,4,2,1,2
"very irritable, very impulsive, very anxious, very nervous and very tense",1,1,4,1,5,2,2,2,1,2,5,4,1,5,2,1,4,1,5,2,2,5,5,1,5,5,1,2,5,4,2,2,1,5,2,5,4,2,5,2,5,4,2,5,5,2,4,2,5,4,4,1,2,5,4,1,2,4,5,2
"very unintelligent, very unreflective, very unanalytical, very emotionally closed and very uncreative",2,2,4,2,5,2,2,4,2,2,4,4,2,4,2,4,2,2,4,2,2,2,4,2,5,4,2,4,5,5,4,2,2,4,2,4,4,2,2,5,2,3,2,2,4,2,4,4,4,5,4,4,2,2,4,2,2,4,5,5
"very intelligent, very reflective, very analytical, very emotionally aware and very creative",2,4,4,3,2,4,4,4,4,4,4,2,3,3,5,2,4,3,4,4,3,2,4,4,4,4,4,2,4,4,4,4,3,2,4,4,4,3,4,5,2,4,4,4,4,2,2,2,4,4,4,3,4,2,4,4,4,4,2,5
"very unanalytical, very unaesthetic, very socially conservative, very uninquisitive and very uncreative",1,2,3,2,4,2,4,2,2,2,4,2,3,3,2,3,2,2,3,2,2,2,3,2,4,3,2,4,2,5,3,2,3,2,2,4,2,2,2,2,2,3,2,2,4,1,4,2,4,4,4,4,2,2,4,2,2,2,4,2
"very analytical, very aesthetic, very socially progressive, very curious and very creative",2,3,4,2,1,4,4,2,4,5,4,2,2,2,4,2,2,2,4,4,3,2,4,3,4,4,2,2,3,4,4,4,3,2,4,4,2,2,3,5,3,2,3,4,4,4,2,2,4,2,2,4,4,2,4,4,4,2,2,4
"very uncreative, very socially conservative, very uninquisitive, very unintelligent and very unimaginative",2,2,4,2,5,2,4,4,2,5,2,2,4,2,5,4,2,4,2,5,2,2,4,2,5,2,2,2,2,5,4,2,4,4,2,4,2,2,2,2,2,3,2,2,5,2,2,4,4,4,4,4,2,2,4,2,2,2,2,5
"very creative, very socially progressive, very curious, very intelligent and very imaginative",2,4,2,2,1,4,5,2,4,5,4,2,2,2,5,2,2,2,3,5,2,2,3,3,4,4,3,2,3,1,2,4,2,2,4,4,2,2,2,5,3,2,2,3,4,4,2,2,2,2,2,3,4,2,4,4,4,2,2,5
"very unsophisticated, very predictable, very uninquisitive, very unimaginative and very artistically unappreciative",2,2,4,4,5,2,2,4,4,5,4,4,4,4,5,4,4,4,4,5,2,2,4,2,5,4,2,4,5,5,4,2,4,4,5,4,4,4,2,5,2,2,2,4,5,4,4,4,4,5,4,4,4,2,4,2,2,4,4,5
"very sophisticated, very spontaneous, very curious, very imaginative and very artistically appreciative",2,2,2,3,4,4,4,2,4,5,4,2,2,2,4,2,2,2,4,5,2,2,4,3,4,4,4,2,3,4,2,4,2,2,5,4,4,2,2,4,4,2,2,4,4,2,2,2,4,2,2,3,3,2,2,4,4,4,2,4
"very emotionally closed, very unanalytical, very uncreative, very predictable and very artistically unappreciative",1,2,2,2,5,2,3,4,2,2,4,4,4,2,2,4,4,4,4,1,2,2,4,2,5,4,2,2,4,5,2,2,4,2,5,4,2,4,2,2,2,2,4,4,4,2,4,2,4,5,4,4,2,2,4,2,2,2,2,2
"very emotionally aware, very analytical, very creative, very spontaneous and very artistically appreciative",2,4,2,3,4,4,4,2,4,4,4,2,2,4,4,2,2,2,4,5,3,2,2,4,4,4,3,2,3,4,2,4,2,2,5,4,4,2,4,5,4,2,3,4,4,3,2,2,4,2,2,3,4,2,2,4,3,3,2,5
"very emotionally closed, very uninquisitive, very artistically unappreciative, very unreflective and very unaesthetic",1,1,3,2,5,2,2,4,2,2,4,2,2,2,2,4,4,2,2,1,2,2,2,1,5,2,1,4,1,5,2,2,2,2,2,4,2,2,1,2,1,2,2,1,4,1,4,2,2,5,4,2,2,1,4,1,2,2,1,2
"very emotionally aware, very curious, very artistically appreciative, very reflective and very aesthetic",2,4,2,2,4,2,4,2,4,5,4,2,2,4,4,2,2,2,4,5,2,2,4,4,4,4,3,2,2,4,2,3,2,4,5,4,2,2,4,4,2,2,2,4,4,2,2,2,4,2,2,2,3,2,2,4,4,4,4,4
"very socially conservative, very emotionally closed, very unaesthetic, very unreflective and very unimaginative",1,2,2,2,5,2,4,2,2,2,2,2,3,2,2,4,4,2,2,1,2,2,3,2,5,2,2,2,2,5,2,2,2,2,1,4,2,2,2,2,2,4,2,5,5,1,4,2,4,5,4,4,2,2,4,1,2,2,2,2
"very socially progressive, very emotionally aware, very aesthetic, very reflective and very imaginative",2,4,2,3,1,2,4,2,4,4,4,2,2,3,4,2,2,2,3,5,2,2,4,4,4,4,4,2,4,4,4,4,2,2,5,4,4,2,3,5,2,2,2,2,4,2,2,2,4,2,2,3,3,2,4,4,4,4,4,4
"inactive, unassertive, timid, unadventurous and  unenergetic",5,2,4,2,4,5,3,5,4,2,4,2,2,4,2,4,2,2,2,2,2,2,4,2,4,5,2,2,2,3,4,2,2,4,2,4,2,2,2,2,5,2,2,4,4,1,2,2,4,4,4,4,2,4,4,2,2,2,4,2
"active, assertive, bold, adventurous and daring and  energetic",4,1,2,1,4,5,2,1,4,4,4,2,2,2,4,1,4,2,2,3,4,4,4,2,4,1,2,2,2,4,1,2,2,2,4,4,2,2,1,2,5,2,2,2,2,2,2,2,2,2,2,2,4,1,4,5,2,2,2,4
"unassertive, unadventurous, silent, introverted and  unfriendly",5,2,2,2,4,1,2,2,2,2,4,2,2,2,2,4,2,2,2,2,1,1,4,2,4,4,2,2,2,3,4,2,2,2,2,4,2,2,2,2,1,2,2,2,4,1,4,2,4,4,4,2,2,2,4,1,2,2,2,2
"assertive, adventurous and daring, talkative, extraverted and  friendly",5,2,2,2,4,5,4,1,4,5,4,2,2,2,4,1,2,2,2,4,4,2,2,2,4,4,3,2,3,4,2,4,2,2,4,4,4,2,2,3,5,2,3,4,2,4,2,2,4,2,2,2,4,1,4,5,4,3,2,4
"unassertive, gloomy, unfriendly, unenergetic and  silent",5,2,3,2,4,1,2,2,1,1,4,2,2,4,2,4,2,2,2,2,1,1,3,1,4,4,2,2,2,3,4,2,2,2,2,4,2,2,5,2,5,2,2,2,4,1,4,2,4,4,4,2,2,5,4,1,2,2,2,2
"assertive, cheerful, friendly, energetic and  talkative",5,2,2,2,4,5,4,1,4,4,4,2,2,2,4,1,4,2,2,4,4,2,4,4,4,4,3,2,4,5,2,4,3,4,4,4,2,3,1,2,5,2,4,2,4,5,2,2,4,2,2,4,5,1,4,5,4,4,2,4
"introverted, unfriendly, unenergetic, unadventurous and  inactive",5,2,4,2,4,2,2,4,2,2,4,2,4,4,2,4,4,2,4,2,2,2,4,2,4,5,2,4,2,4,4,2,2,2,2,4,4,2,4,2,5,2,2,4,4,1,4,4,4,4,4,2,2,4,4,5,2,2,4,2
"extraverted, friendly, energetic, adventurous and daring and  active",5,2,2,2,1,5,3,1,4,5,4,2,2,2,4,1,2,2,2,3,4,4,2,2,4,4,2,2,2,4,1,4,2,2,4,4,2,2,1,2,5,2,2,2,2,5,1,2,4,2,2,2,4,1,4,5,4,4,2,4
"unadventurous, inactive, gloomy, unfriendly and  introverted",5,2,4,2,4,2,2,4,5,2,5,4,2,4,2,5,4,4,4,2,2,2,4,2,4,4,2,2,4,4,5,2,4,4,2,4,4,2,5,2,5,4,2,4,4,1,4,2,4,4,4,2,2,5,4,4,2,2,4,2
"adventurous and daring, active, cheerful, friendly and  extraverted",5,2,2,2,1,5,4,1,4,5,4,2,2,2,4,1,2,2,2,4,4,2,2,2,5,2,2,2,3,4,2,4,2,2,4,4,2,2,1,2,5,2,2,2,4,5,2,2,4,2,2,2,4,1,4,5,3,4,2,4
"gloomy, inactive, silent, unfriendly and  unadventurous",5,2,2,2,4,1,2,4,5,2,4,4,2,4,2,4,4,2,4,2,2,2,4,2,4,4,2,4,2,4,4,2,2,4,2,4,2,2,4,2,5,2,2,4,4,5,4,2,4,4,4,2,2,5,4,1,2,2,4,2
"cheerful, active, talkative, friendly and  adventurous and daring",5,2,2,2,2,4,4,1,5,5,4,2,2,1,4,1,2,2,2,3,2,2,2,2,4,5,2,2,2,4,1,4,2,2,4,4,2,2,1,2,5,2,2,2,2,5,1,2,4,2,2,2,4,1,4,5,4,4,2,4
"unadventurous, unenergetic, inactive, gloomy and  unassertive",5,2,4,4,4,4,2,4,4,2,4,2,4,4,2,4,4,4,4,2,2,2,4,2,4,4,2,4,4,4,4,2,4,4,2,4,2,2,4,2,5,2,2,4,4,2,4,4,4,4,4,4,2,4,4,5,2,2,4,2
"adventurous and daring, energetic, active, cheerful and  assertive",5,2,2,2,2,5,2,1,4,5,4,2,2,2,4,1,2,2,2,2,5,4,2,2,4,1,2,2,3,4,1,4,2,2,4,4,2,2,2,2,5,2,2,2,1,4,2,2,2,2,2,2,4,1,4,5,4,2,2,4
"unaltruistic, self-important, uncooperative, unkind and  distrustful",2,1,2,2,5,4,1,4,2,2,4,5,1,4,2,2,5,2,4,2,4,5,2,1,5,4,1,4,5,4,2,1,2,2,2,5,5,2,2,2,2,5,1,2,4,2,5,4,4,5,4,1,2,2,4,1,1,4,4,2
"altruistic, humble, cooperative, kind and  trustful",2,5,4,3,4,3,5,4,4,4,4,4,4,2,3,4,4,3,4,3,2,2,4,3,4,4,4,2,4,4,2,5,3,2,4,4,4,2,2,4,2,4,4,4,4,2,1,1,2,2,2,4,4,1,4,3,4,4,2,3
"uncooperative, unkind, selfish, disagreeable and  unaltruistic",5,1,2,5,5,2,5,2,5,2,4,4,1,4,2,2,5,2,4,2,2,2,2,5,5,2,5,4,2,5,2,5,2,5,5,5,5,2,2,2,2,4,2,5,4,2,5,5,5,5,5,1,2,2,4,5,1,4,4,2
"cooperative, kind, unselfish, agreeable and  altruistic",2,5,4,3,4,2,5,4,4,4,4,4,4,4,3,4,4,3,2,3,2,2,4,3,4,4,4,4,4,5,4,5,3,4,4,4,4,2,4,4,2,4,4,4,4,2,4,2,4,4,4,5,4,4,4,4,4,4,3,3
"unaltruistic, distrustful, dishonest, immoral and  uncooperative",5,1,4,5,5,4,1,4,5,2,4,5,1,4,2,4,5,2,4,1,4,4,4,5,4,4,1,4,5,4,4,5,2,4,5,5,5,5,2,2,2,5,5,5,4,2,4,4,5,4,4,1,1,1,4,1,5,4,4,5
"altruistic, trustful, honest, moral and  cooperative",2,4,2,2,4,2,5,4,4,4,4,2,4,2,3,4,4,3,4,3,3,2,4,4,4,4,4,2,3,5,2,5,4,2,4,4,4,2,4,4,3,4,4,4,4,2,2,2,4,4,4,4,4,2,4,3,4,4,2,3
"distrustful, unkind, immoral, stingy and  self-important",1,1,2,2,4,4,1,2,5,2,4,4,1,4,2,2,5,2,4,2,4,4,2,1,4,4,1,2,5,4,2,5,2,4,2,4,4,2,2,2,2,4,1,5,4,2,4,2,5,4,4,1,2,4,4,1,1,4,4,2
"trustful, kind, moral, generous and  humble",2,4,4,3,4,4,5,4,4,4,4,4,4,2,3,4,4,3,2,4,2,1,4,4,4,4,4,2,4,4,4,4,3,4,4,4,2,2,3,3,3,4,4,4,4,2,4,2,4,4,4,4,4,2,4,3,4,4,2,3
"unaltruistic, unkind, selfish, distrustful and  uncooperative",2,1,4,4,4,4,1,4,5,2,4,4,1,4,2,2,5,2,4,2,4,4,4,1,4,4,1,4,5,4,2,5,2,4,2,5,4,2,1,2,2,5,1,4,4,2,5,2,5,4,4,1,2,2,4,1,1,4,4,2
"altruistic, kind, unselfish, trustful and  cooperative",2,5,4,2,4,3,5,4,4,4,4,2,4,2,2,2,4,3,2,3,2,1,4,3,4,4,4,2,4,4,4,5,3,4,3,4,2,2,4,3,2,4,4,3,4,2,1,2,4,2,2,4,4,2,4,3,4,4,2,2
"unaltruistic, disagreeable, selfish, stingy and  dishonest",5,1,2,2,4,4,5,4,5,2,4,4,2,4,2,4,5,2,4,2,2,5,2,1,4,4,5,4,2,4,2,5,2,4,2,4,4,2,2,2,5,4,5,4,4,2,4,4,4,4,4,5,2,2,4,5,5,4,4,2
"altruistic, agreeable, unselfish, generous and  honest",2,5,4,2,4,2,5,4,4,4,4,4,4,4,3,4,4,3,2,3,2,1,4,3,4,4,4,2,3,4,4,5,3,2,4,4,4,2,2,4,2,4,4,4,4,2,4,2,4,4,4,4,4,2,4,4,4,2,2,3
"unaltruistic, distrustful, self-important, disagreeable and  unsympathetic",2,1,4,2,4,4,2,4,2,2,4,4,2,4,2,2,5,2,4,2,4,4,4,2,4,4,1,4,2,4,2,1,2,2,2,4,4,2,2,2,2,5,2,4,4,2,4,2,4,4,4,2,4,2,4,2,1,4,4,4
"altruistic, trustful, humble, agreeable and  sympathetic",2,5,4,3,4,2,5,4,4,4,4,4,4,2,2,4,4,2,2,4,2,1,4,3,4,4,4,2,3,4,4,5,3,2,4,4,4,2,3,3,2,4,4,4,4,2,4,2,2,2,4,4,3,2,4,2,4,4,2,2
"lazy, careless, negligent, messy and  undisciplined",2,2,5,4,4,2,2,5,5,3,4,4,5,3,2,2,3,5,4,2,2,2,4,2,4,4,4,4,5,3,3,4,5,2,2,3,3,5,3,2,5,3,5,5,4,2,3,4,4,4,4,2,5,3,4,1,2,4,4,4
"hardworking, thorough, conscientious, orderly and  self-disciplined",2,2,4,2,4,3,4,1,3,2,4,2,4,2,2,3,2,4,2,2,2,2,4,2,4,4,2,1,3,4,2,3,4,2,3,4,2,4,2,2,2,2,4,4,4,2,2,1,4,2,2,3,4,2,4,2,2,1,2,2
"disorganized, extravagant, negligent, lazy and  undisciplined",2,2,4,2,4,2,2,5,4,4,4,4,2,4,2,2,2,1,4,2,2,4,4,2,4,4,4,4,4,4,2,2,5,4,4,4,4,5,2,2,2,2,2,4,4,4,2,4,4,4,4,2,2,3,4,4,2,4,4,4
"organized, thrifty, conscientious, hardworking and  self-disciplined",2,2,1,2,4,3,4,1,3,2,4,2,4,2,2,2,2,4,2,2,2,2,4,2,4,4,2,1,2,4,2,4,4,2,2,4,2,4,2,2,2,2,4,4,4,2,2,1,2,2,2,3,5,1,4,2,2,1,2,2
"unsure, negligent, messy, undisciplined and  lazy",2,2,4,2,4,4,2,5,4,2,4,4,5,3,2,2,2,2,2,2,2,2,4,2,4,4,2,4,4,3,4,4,2,2,2,4,2,5,2,2,5,3,5,4,4,4,3,3,4,2,4,2,2,2,4,4,2,4,4,2
"self-efficacious, conscientious, orderly, self-disciplined and  hardworking",2,2,4,2,4,4,4,1,4,2,4,2,4,2,3,2,2,4,2,2,3,2,4,3,4,4,2,2,4,4,2,4,4,2,2,4,2,5,2,3,2,2,4,4,4,2,2,1,2,2,2,4,5,1,4,2,3,4,2,3
"messy, unsure, undisciplined, extravagant and  careless",4,2,5,4,4,4,2,4,4,4,4,4,4,4,4,2,4,5,4,4,2,4,4,4,4,4,4,4,5,4,4,4,5,4,4,4,4,5,4,4,4,4,4,5,4,4,4,5,4,5,4,2,4,4,4,4,4,4,4,4
"orderly, self-efficacious, self-disciplined, thrifty and  thorough",2,2,1,2,4,4,4,1,4,2,4,2,4,2,2,2,2,5,2,2,2,2,4,3,4,4,2,2,4,4,2,4,5,2,3,4,4,5,2,2,2,2,4,4,4,2,2,1,4,4,2,4,5,2,4,2,2,4,2,3
"messy, undisciplined, disorganized, negligent and  careless",2,2,5,4,4,2,2,4,5,4,4,4,5,4,2,4,4,5,4,2,2,4,4,5,4,4,4,4,5,4,4,4,5,4,4,4,4,5,2,4,4,4,5,5,4,4,4,5,5,4,4,5,5,4,4,4,4,4,4,4
"orderly, self-disciplined, organized, conscientious and  thorough",2,2,1,2,4,4,4,1,4,2,4,4,4,2,2,4,4,5,4,2,3,2,4,2,4,4,2,2,4,2,2,4,4,2,2,4,2,4,2,2,2,2,4,4,4,2,2,1,4,2,2,4,5,2,4,2,4,1,1,2
"disorganized, lazy, undisciplined, irresponsible and  impractical",2,2,4,4,4,2,2,4,4,4,4,4,5,4,2,2,4,5,4,2,2,2,4,5,4,4,2,4,4,4,4,2,5,4,2,4,4,5,2,4,5,2,5,4,4,4,3,4,4,4,4,2,2,4,4,2,2,4,4,2
"organized, hardworking, self-disciplined, responsible and  practical",2,2,1,2,4,4,4,2,4,2,4,2,4,2,2,2,2,4,2,2,3,2,4,2,4,4,2,2,3,4,4,4,4,2,2,4,2,4,2,2,2,2,4,4,4,2,2,2,2,4,2,3,5,2,4,2,2,2,2,2
"irresponsible, unsure, undisciplined, careless and  disorganized",4,4,5,5,4,4,2,5,5,4,4,4,5,4,4,4,4,5,4,2,5,4,5,5,4,4,4,4,5,4,4,4,5,4,4,4,4,5,4,4,4,3,5,5,4,4,4,5,5,4,4,4,5,4,4,4,4,5,4,4
"responsible, self-efficacious, self-disciplined, thorough and  organized",2,2,4,2,4,4,4,4,4,3,4,2,4,2,3,4,4,4,4,2,3,2,4,2,4,4,2,4,4,4,4,4,4,2,3,4,4,5,4,3,2,2,4,4,4,2,4,1,4,4,2,3,5,2,4,2,3,4,2,3
"unselfconscious, at ease, calm, happy and  relaxed",3,4,4,4,4,4,5,4,4,4,4,3,3,2,3,4,4,3,4,3,3,2,4,4,4,4,4,2,5,4,2,4,3,4,4,4,4,3,2,4,2,4,3,4,4,3,4,2,4,2,4,4,3,1,4,4,4,3,2,3
"self-conscious, nervous, angry, depressed and  tense",5,2,5,5,5,2,2,5,5,2,5,4,5,5,2,5,4,2,5,5,5,5,5,5,5,5,2,5,5,5,4,2,2,5,4,5,5,2,5,2,5,5,5,5,5,1,5,5,5,5,5,5,5,5,4,5,5,4,5,2
"unselfconscious, calm, easygoing, happy and  contented",4,4,4,5,4,3,5,4,4,4,4,4,4,3,3,4,3,3,3,3,3,2,4,4,4,4,4,2,4,4,4,4,3,4,4,4,4,3,3,4,3,3,4,4,4,3,3,3,4,2,4,4,4,1,4,4,4,3,3,3
"self-conscious, angry, anxious, depressed and  discontented",5,3,4,5,4,4,3,4,5,3,4,4,3,5,2,4,4,2,4,2,4,4,4,1,4,4,4,4,5,4,4,2,2,5,2,4,4,5,5,4,5,4,2,5,4,2,4,2,5,4,4,2,2,5,4,4,2,4,5,4
"at ease, level-headed, calm, happy and  emotionally stable",3,4,2,4,4,4,4,4,4,4,4,3,4,2,3,4,4,3,2,3,3,2,4,4,4,4,4,2,4,4,4,4,3,4,4,4,4,3,4,3,2,4,4,4,4,3,4,2,4,3,3,4,4,2,4,4,4,2,3,3
"nervous, impulsive, angry, depressed and  emotionally unstable",2,2,4,5,4,2,2,2,5,3,4,4,1,5,2,2,4,2,4,2,2,4,4,5,4,5,2,4,5,4,4,2,2,5,4,4,4,2,5,2,4,4,2,5,4,3,4,4,5,4,4,2,2,5,4,4,2,4,5,4
"contented, level-headed, unselfconscious, calm and  easygoing",3,4,4,4,4,3,4,3,4,3,4,3,4,3,3,3,3,3,3,3,3,2,4,4,3,3,4,3,4,3,4,4,3,4,4,4,3,3,3,3,2,3,4,4,3,3,3,3,4,3,3,4,3,3,4,3,4,3,3,3
"discontented, impulsive, self-conscious, angry and  anxious",2,2,4,2,4,2,2,4,2,2,5,4,2,4,2,2,4,2,4,2,4,4,4,1,4,4,2,4,5,4,2,2,1,5,2,4,4,2,4,2,2,4,2,2,4,2,4,4,5,2,4,2,2,4,4,4,2,4,5,2
"calm, unselfconscious, patient, happy and  easygoing",3,4,4,5,4,3,4,4,4,4,4,4,4,2,3,4,4,3,4,3,3,2,4,4,4,4,4,2,5,4,2,4,3,4,4,4,2,3,2,2,2,4,4,4,4,3,4,2,4,4,4,4,4,1,4,4,4,4,2,3
"angry, self-conscious, irritable, depressed and  anxious",5,5,4,5,4,5,2,4,5,2,5,4,2,5,2,4,4,2,4,5,2,4,4,5,4,4,5,4,5,5,4,4,2,5,3,4,4,5,5,2,5,4,5,5,4,2,4,5,5,4,4,5,5,5,4,5,2,4,5,5
"emotionally stable, happy, calm, relaxed and  unselfconscious",3,4,3,4,4,4,4,3,4,4,4,2,4,1,3,3,3,3,1,3,3,2,4,4,4,3,4,2,4,4,2,4,3,2,4,4,2,4,1,4,3,3,4,4,4,3,3,2,4,2,3,4,4,1,4,4,4,2,1,3
"emotionally unstable, depressed, angry, tense and  self-conscious",5,5,4,5,4,5,5,4,5,3,5,4,5,5,2,4,4,5,5,4,5,4,4,5,4,4,5,4,5,4,4,5,5,4,4,4,4,5,5,2,5,4,5,5,4,5,4,5,5,4,4,5,5,5,5,5,5,4,5,5
"level-headed, relaxed, at ease, emotionally stable and  unselfconscious",2,4,3,5,3,3,4,3,4,3,4,2,4,2,3,3,3,3,2,3,3,2,3,4,3,3,4,2,5,4,2,4,3,3,4,4,2,3,2,4,2,3,4,4,3,3,3,2,4,2,4,4,4,2,4,3,4,2,2,3
"impulsive, tense, nervous, emotionally unstable and  self-conscious",2,2,4,5,4,2,4,4,4,4,4,4,2,5,2,4,4,2,5,4,2,4,4,5,4,4,4,4,5,4,4,4,2,4,4,4,4,4,4,2,4,4,4,4,4,2,4,4,5,4,4,2,4,5,4,4,4,4,5,4
"predictable, unreflective, artistically unappreciative, socially conservative and  unintelligent",2,2,2,2,5,4,2,2,2,1,4,4,4,2,2,2,4,4,4,2,2,2,2,2,5,2,2,2,2,5,2,2,4,4,2,4,4,2,2,2,2,4,2,2,4,4,2,2,2,5,4,4,4,2,4,2,2,2,2,2
"spontaneous, reflective, artistically appreciative, socially progressive and  intelligent",2,4,4,2,4,3,4,2,4,4,4,2,2,2,4,2,4,2,4,4,3,2,4,3,4,4,3,2,3,4,2,4,2,2,4,4,2,2,2,4,4,3,2,4,4,3,2,2,4,4,2,3,3,2,4,4,4,4,2,4
"socially conservative, unreflective, uncreative, unaesthetic and  uninquisitive",1,2,4,4,5,4,4,4,4,2,4,4,4,3,2,4,4,4,4,2,4,4,4,4,5,4,2,4,4,5,4,4,4,4,2,4,4,4,2,2,2,4,4,4,4,2,4,4,4,5,4,4,4,2,4,2,2,2,4,2
"socially progressive, reflective, creative, aesthetic and  curious",2,4,4,3,4,3,4,3,4,5,4,2,2,3,4,2,4,2,4,4,2,2,3,3,4,4,4,4,3,4,4,4,3,4,4,4,4,2,4,4,3,3,3,3,4,3,2,2,3,4,2,4,3,2,4,4,4,4,3,4
"artistically unappreciative, emotionally closed, predictable, socially conservative and  uncreative",2,2,2,2,5,2,2,2,2,2,4,4,2,2,2,4,4,4,4,2,2,2,3,2,4,3,2,2,2,5,2,2,4,2,2,4,2,2,2,2,2,4,2,2,4,2,4,2,2,4,4,4,2,2,4,2,2,2,2,2
"artistically appreciative, emotionally aware, spontaneous, socially progressive and  creative",2,4,3,2,4,3,4,4,4,4,4,2,2,3,4,2,2,2,3,5,2,2,4,3,4,4,3,2,2,4,2,4,2,4,4,4,4,2,3,4,4,3,2,4,4,3,2,2,4,4,2,2,3,2,4,4,4,4,4,4
"uninquisitive, artistically unappreciative, unsophisticated, predictable and  unaesthetic",1,2,4,2,5,2,2,4,4,1,4,4,2,2,2,2,4,4,4,1,2,2,4,2,4,2,2,4,2,5,4,2,2,2,2,4,2,2,2,2,2,2,2,4,4,2,4,2,4,5,4,2,2,2,4,1,2,2,2,2
"curious, artistically appreciative, sophisticated, spontaneous and  aesthetic",2,2,4,4,4,4,4,4,4,4,4,4,2,3,4,2,4,2,4,5,3,2,4,3,4,4,4,2,4,4,2,3,3,4,4,4,4,2,4,4,3,4,2,4,4,3,4,2,4,2,4,4,3,2,4,4,4,4,3,4
"unaesthetic, uncreative, socially conservative, unimaginative and  unintelligent",2,2,2,2,4,2,2,2,2,2,2,2,2,2,2,2,2,2,3,2,2,2,2,2,4,2,2,4,2,2,2,2,2,4,5,2,2,2,2,2,2,2,2,2,4,2,2,2,2,4,4,2,2,2,4,2,2,2,2,2
"aesthetic, creative, socially progressive, imaginative and  intelligent",2,4,4,3,4,3,4,2,4,4,4,2,2,3,4,2,4,2,4,4,2,2,4,4,4,4,4,2,3,4,4,4,2,4,4,4,4,2,4,4,3,3,2,4,4,2,2,2,4,4,2,4,4,2,4,4,4,4,2,4
"unimaginative, emotionally closed, unreflective, unintelligent and  artistically unappreciative",2,2,3,2,5,2,2,4,2,2,4,4,2,2,2,4,4,2,2,5,2,2,4,2,4,2,2,4,5,5,4,2,4,2,5,4,4,4,2,2,2,4,2,4,4,2,4,2,4,5,4,4,2,2,4,2,2,2,2,2
"imaginative, emotionally aware, reflective, intelligent and  artistically appreciative",2,4,4,3,1,3,4,4,4,4,4,3,2,4,4,3,2,2,4,4,3,2,4,4,4,4,4,4,3,4,4,4,2,4,4,4,4,2,4,4,2,3,2,4,4,2,4,2,4,2,4,3,3,2,4,4,4,4,3,4
"unsophisticated, unintelligent, unaesthetic, unimaginative and  artistically unappreciative",2,2,4,2,5,2,2,2,2,2,2,4,2,2,2,2,2,2,2,5,2,2,2,2,4,2,2,4,4,5,2,2,2,2,5,2,2,2,2,2,2,2,2,4,4,2,4,2,4,5,4,4,2,2,4,2,2,4,4,2
"sophisticated, intelligent, aesthetic, imaginative and  artistically appreciative",2,2,4,3,4,4,4,2,4,4,4,3,2,3,4,2,2,2,4,5,3,2,4,4,4,4,4,2,4,4,4,4,3,4,4,4,4,2,3,4,2,4,2,4,4,2,4,2,4,2,4,4,3,2,4,4,4,4,2,4
"a bit unenergetic, a bit gloomy, a bit inactive, a bit timid and a bit introverted",4,2,3,2,4,2,3,4,2,2,4,4,2,4,2,4,3,2,4,2,2,2,4,2,4,4,2,3,2,3,4,2,2,4,3,4,2,2,4,3,4,3,2,4,4,2,4,2,4,4,4,2,2,4,4,2,2,3,4,2
"a bit energetic, a bit cheerful, a bit active, a bit bold and a bit extraverted",5,2,4,2,4,5,4,4,4,4,4,3,2,2,4,2,2,2,2,4,4,2,4,3,4,5,4,4,4,4,2,4,2,4,4,4,4,4,2,2,5,3,3,4,4,5,2,2,4,2,2,2,4,1,4,5,4,4,2,4
"a bit unfriendly, a bit unenergetic, a bit silent, a bit introverted and a bit gloomy",2,2,2,2,4,2,2,4,2,2,4,2,2,4,2,4,4,2,4,2,2,2,4,2,4,4,2,2,2,4,4,2,2,4,2,4,2,2,4,2,4,4,2,4,4,1,4,2,4,4,4,2,2,4,4,2,2,2,2,2
"a bit friendly, a bit energetic, a bit talkative, a bit extraverted and a bit cheerful",5,4,4,2,4,4,4,4,4,4,4,4,3,2,4,4,4,2,2,4,4,2,4,4,4,5,4,4,4,4,4,4,4,4,4,4,4,4,4,3,4,4,4,4,4,4,4,2,4,4,4,4,4,2,4,4,4,4,2,4
"a bit inactive, a bit unadventurous, a bit unassertive, a bit introverted and a bit gloomy",4,3,4,4,4,4,4,4,4,2,4,4,4,4,2,4,4,2,4,2,2,2,4,3,4,4,2,4,4,4,4,2,4,4,3,4,2,2,4,3,4,4,2,4,4,2,4,4,4,4,4,4,2,4,4,2,2,2,4,2
"a bit active, a bit adventurous and daring, a bit assertive, a bit extraverted and a bit cheerful",4,2,2,2,4,4,3,2,4,4,4,2,2,2,4,1,2,2,2,3,4,2,4,2,4,4,2,4,3,4,2,4,2,2,4,4,4,4,2,2,4,2,3,4,4,4,2,2,4,4,2,2,4,1,4,4,3,4,2,4
"a bit inactive, a bit timid, a bit unenergetic, a bit unfriendly and a bit gloomy",5,2,3,2,4,2,2,4,4,2,4,4,2,4,2,4,4,2,4,2,2,2,4,2,4,4,2,2,4,4,4,2,2,4,3,4,2,2,4,3,4,4,2,4,4,2,4,3,4,4,4,2,2,4,4,4,2,2,4,2
"a bit active, a bit bold, a bit energetic, a bit friendly and a bit cheerful",4,2,4,2,4,4,4,4,4,4,4,3,2,2,4,2,4,2,4,4,4,2,4,3,4,4,3,4,4,4,2,4,3,4,4,4,4,4,4,2,4,3,3,4,4,4,2,2,4,4,4,3,4,2,4,4,4,4,3,4
"a bit unenergetic, a bit introverted, a bit unfriendly, a bit unadventurous and a bit gloomy",4,2,4,2,4,2,2,4,4,2,4,4,2,4,2,4,4,2,4,2,2,2,4,2,4,4,2,4,4,4,4,2,2,4,2,4,4,2,4,3,4,4,2,4,4,2,4,2,4,4,4,2,2,4,4,2,2,2,4,2
"a bit energetic, a bit extraverted, a bit friendly, a bit adventurous and daring and a bit cheerful",5,2,4,2,4,4,4,4,4,5,4,2,2,2,4,1,2,2,2,4,4,2,4,2,4,4,3,4,2,4,2,4,2,2,4,4,2,2,1,2,5,2,2,4,4,5,2,2,4,4,2,2,4,1,4,5,4,4,2,4
"a bit unadventurous, a bit unfriendly, a bit silent, a bit introverted and a bit inactive",2,2,3,2,4,2,2,4,2,2,4,2,2,3,2,4,3,2,4,2,2,2,4,2,4,4,2,2,2,3,4,2,2,3,2,4,2,2,2,2,2,3,2,3,4,1,4,2,4,4,4,2,2,2,4,2,2,2,2,2
"a bit adventurous and daring, a bit friendly, a bit talkative, a bit extraverted and a bit active",4,2,4,2,2,4,4,4,4,4,4,2,2,2,4,4,4,2,2,4,3,2,4,3,4,4,3,3,3,4,2,4,2,4,4,4,4,2,2,2,4,2,3,4,4,4,2,2,4,4,2,3,4,2,4,4,4,4,2,4
"a bit gloomy, a bit unenergetic, a bit unfriendly, a bit unadventurous and a bit inactive",4,2,4,2,4,2,2,4,2,2,4,4,2,4,2,4,4,2,4,2,2,2,4,2,4,4,2,4,4,4,4,2,2,4,2,4,4,2,4,4,4,3,2,4,4,2,4,2,4,4,4,2,2,4,4,4,2,4,4,2
"a bit cheerful, a bit energetic, a bit friendly, a bit adventurous and daring and a bit active",4,2,4,2,4,4,4,4,4,4,4,2,2,2,4,2,2,2,2,4,3,2,4,2,4,5,3,2,4,4,2,4,2,4,4,4,4,3,4,2,5,2,2,4,4,4,2,2,4,2,2,2,4,1,4,5,4,4,2,4
"a bit dishonest, a bit unaltruistic, a bit selfish, a bit distrustful and a bit unkind",2,2,3,4,4,4,2,4,4,4,4,4,2,4,2,2,4,2,4,2,2,4,4,4,4,4,2,4,2,4,3,4,2,4,4,4,4,4,2,3,2,4,2,4,4,3,4,4,4,4,4,4,2,2,4,2,2,4,4,2
"a bit honest, a bit altruistic, a bit unselfish, a bit trustful and a bit kind",3,4,4,3,4,3,4,4,4,4,4,3,4,3,3,3,4,3,4,3,3,2,4,4,4,4,4,4,3,4,4,4,3,4,4,4,4,3,3,4,3,4,4,4,4,3,4,2,4,2,4,4,4,2,4,3,4,4,3,3
"a bit stingy, a bit dishonest, a bit unaltruistic, a bit uncooperative and a bit unkind",2,2,3,2,4,4,2,2,2,2,4,4,2,3,2,3,4,2,4,2,2,2,3,2,4,4,2,4,2,3,2,4,2,2,2,4,4,2,2,3,2,4,2,4,4,2,4,2,4,4,4,2,2,2,4,2,2,4,3,2
"a bit generous, a bit honest, a bit altruistic, a bit cooperative and a bit kind",3,4,4,3,4,4,4,4,4,4,4,4,3,3,3,4,4,3,3,4,3,2,4,4,4,4,4,4,3,4,4,4,3,4,4,4,4,3,3,4,3,4,4,4,4,3,4,2,4,4,4,4,4,2,4,4,4,4,3,3
"a bit unkind, a bit immoral, a bit uncooperative, a bit selfish and a bit unaltruistic",2,2,3,2,4,4,2,3,4,4,4,4,2,3,2,3,4,2,4,2,2,2,3,2,4,4,2,4,4,3,4,4,2,4,4,4,4,2,2,3,2,4,2,4,4,2,4,2,4,4,4,2,2,2,4,2,2,4,4,2
"a bit kind, a bit moral, a bit cooperative, a bit unselfish and a bit altruistic",3,4,4,3,4,4,4,4,4,4,4,3,4,3,3,3,4,3,4,3,3,2,4,4,4,4,4,4,3,4,4,4,3,4,4,4,4,3,3,4,3,4,4,3,4,3,4,2,4,4,4,4,4,2,4,3,4,4,3,3
"a bit self-important, a bit uncooperative, a bit disagreeable, a bit unaltruistic and a bit unkind",2,2,2,2,4,4,2,4,4,2,4,4,2,4,2,4,4,2,4,2,4,4,4,2,4,4,2,4,4,4,2,2,2,4,2,4,4,2,2,2,2,4,2,4,4,2,4,2,4,4,4,2,2,2,4,2,2,4,4,2
"a bit humble, a bit cooperative, a bit agreeable, a bit altruistic and a bit kind",2,4,4,3,4,4,4,4,4,4,4,4,4,2,3,4,4,3,4,3,3,2,4,3,4,4,4,4,4,4,4,4,3,4,4,4,4,3,3,4,2,4,4,4,4,3,4,2,4,4,4,4,4,3,4,3,4,4,3,3
"a bit disagreeable, a bit uncooperative, a bit unaltruistic, a bit selfish and a bit distrustful",2,2,2,2,2,2,2,2,2,2,2,4,2,4,2,2,4,2,4,2,2,2,2,2,4,2,2,2,2,2,2,2,2,2,2,4,4,2,2,2,2,4,2,2,2,2,4,2,4,2,4,2,2,2,4,2,2,4,4,2
"a bit agreeable, a bit cooperative, a bit altruistic, a bit unselfish and a bit trustful",4,4,4,4,4,4,4,4,4,4,4,4,4,3,4,4,4,4,4,4,3,2,4,4,4,4,4,4,4,4,4,4,4,4,4,4,4,4,4,4,4,4,4,4,4,4,4,4,4,4,4,4,4,2,4,4,4,4,4,4
"a bit self-important, a bit uncooperative, a bit distrustful, a bit stingy and a bit disagreeable",2,2,4,2,4,4,2,4,2,2,4,4,2,4,2,4,4,2,4,2,2,2,4,2,4,4,2,4,2,4,2,2,2,4,4,4,4,2,2,2,2,4,2,4,4,2,4,2,4,4,4,2,2,2,4,2,2,4,4,2
"a bit humble, a bit cooperative, a bit trustful, a bit generous and a bit agreeable",3,4,4,3,4,4,4,4,4,4,4,4,4,3,3,4,4,3,3,4,3,4,4,4,4,4,4,4,4,4,4,4,3,4,4,4,4,3,3,4,3,4,4,4,4,3,4,3,4,4,4,4,4,2,4,4,4,4,3,3
"a bit self-important, a bit disagreeable, a bit selfish, a bit unaltruistic and a bit unkind",4,2,4,4,4,4,2,4,4,4,4,4,2,4,2,4,4,4,4,4,4,4,4,2,4,4,2,4,4,4,4,2,4,4,4,4,4,4,4,4,4,4,2,4,4,4,4,4,4,4,4,2,4,4,4,4,2,4,4,4
"a bit humble, a bit agreeable, a bit unselfish, a bit altruistic and a bit kind",2,4,4,3,4,3,4,4,4,4,4,4,4,2,3,4,4,3,3,3,2,2,4,3,4,4,4,2,3,4,4,4,3,4,4,4,4,3,3,4,2,4,4,4,4,2,4,2,4,4,4,4,4,2,4,3,4,4,2,3
"a bit negligent, a bit messy, a bit lazy, a bit extravagant and a bit disorganized",2,2,4,2,4,2,2,4,3,4,4,4,4,4,2,2,4,2,4,3,2,3,4,2,4,4,3,4,2,4,3,2,4,4,4,4,4,2,3,3,4,3,2,4,4,3,3,4,4,4,4,2,2,4,4,2,3,4,3,2
"a bit conscientious, a bit orderly, a bit hardworking, a bit thrifty and a bit organized",2,2,4,2,4,3,4,4,3,2,4,2,4,2,2,2,2,4,3,2,2,2,4,4,4,4,2,2,3,4,2,4,4,2,2,4,2,4,2,2,2,2,4,4,4,2,2,2,2,4,4,4,4,2,4,2,2,4,2,2
"a bit disorganized, a bit lazy, a bit impractical, a bit unsure and a bit negligent",2,2,4,4,4,2,2,4,4,3,4,4,4,4,2,4,4,2,4,3,3,3,4,4,4,4,2,4,4,4,4,4,4,4,3,4,4,4,3,3,4,3,4,4,4,3,4,4,4,4,4,2,2,4,4,4,3,4,4,4
"a bit organized, a bit hardworking, a bit practical, a bit self-efficacious and a bit conscientious",2,2,4,2,4,3,4,4,4,3,4,3,4,2,3,3,4,4,3,3,3,2,4,4,4,4,2,2,3,4,4,4,4,3,3,4,4,4,3,3,3,3,4,4,4,2,3,2,2,4,4,4,4,2,4,3,3,4,2,3
"a bit negligent, a bit unsure, a bit messy, a bit extravagant and a bit lazy",2,2,4,2,4,2,2,4,2,3,4,3,2,4,2,2,3,2,3,3,2,3,4,2,4,4,3,4,3,4,3,3,2,4,4,4,4,2,3,3,2,3,2,4,4,3,3,4,4,4,4,2,2,3,4,3,3,4,3,2
"a bit conscientious, a bit self-efficacious, a bit orderly, a bit thrifty and a bit hardworking",2,2,4,2,4,3,4,4,4,3,4,2,4,2,2,2,2,4,3,2,3,2,4,4,4,4,2,2,3,4,4,4,4,2,3,4,4,4,2,3,3,3,4,4,4,2,2,2,2,4,2,4,4,2,4,3,3,4,2,3
"a bit negligent, a bit lazy, a bit careless, a bit impractical and a bit messy",2,2,4,4,4,2,2,4,4,4,4,4,4,4,2,3,3,2,4,2,2,3,4,2,4,4,2,4,4,4,4,2,4,4,2,4,4,4,3,3,4,3,4,4,4,2,3,4,4,4,4,2,2,3,4,4,3,4,4,2
"a bit conscientious, a bit hardworking, a bit thorough, a bit practical and a bit orderly",2,2,4,2,4,3,4,4,3,2,4,3,4,2,2,3,2,4,3,2,3,2,4,3,4,4,2,2,3,4,2,4,4,3,2,4,4,4,2,2,2,3,4,4,4,2,2,2,4,4,2,3,4,2,4,3,2,4,2,2
"a bit messy, a bit undisciplined, a bit negligent, a bit careless and a bit impractical",2,2,4,4,4,4,2,4,4,4,4,4,4,4,4,2,4,2,4,4,2,4,4,2,4,4,4,4,4,4,3,2,4,4,4,4,4,4,3,4,4,3,4,4,4,4,4,4,4,4,4,2,2,3,4,4,4,4,4,4
"a bit orderly, a bit self-disciplined, a bit conscientious, a bit thorough and a bit practical",2,2,4,2,4,3,4,4,4,3,4,4,4,2,2,3,4,4,4,2,3,2,4,4,4,4,2,2,4,4,4,4,4,4,2,4,4,4,3,2,2,3,4,4,4,2,4,2,4,4,4,4,4,2,4,2,3,4,2,2
"a bit undisciplined, a bit extravagant, a bit careless, a bit impractical and a bit disorganized",4,2,4,2,4,4,2,4,4,4,4,4,2,4,4,2,4,2,4,4,2,4,4,2,4,4,4,4,4,4,4,2,2,4,4,4,4,2,3,4,4,3,2,4,4,4,4,4,4,4,4,2,2,4,4,4,2,4,4,4
"a bit self-disciplined, a bit thrifty, a bit thorough, a bit practical and a bit organized",2,2,4,2,4,3,4,2,3,2,4,3,4,2,2,2,2,4,3,2,2,2,4,3,4,4,2,2,3,4,2,3,4,2,2,4,2,4,2,3,2,2,4,3,4,2,2,2,2,4,2,3,4,2,4,2,2,4,2,2
"a bit unsure, a bit undisciplined, a bit negligent, a bit lazy and a bit disorganized",2,2,4,4,4,3,2,4,2,2,4,4,4,4,2,4,3,4,4,2,2,3,4,2,4,4,2,4,4,4,4,4,4,4,3,4,4,2,3,3,4,3,4,4,4,4,3,4,4,4,4,2,2,3,4,2,3,4,4,2
"a bit self-efficacious, a bit self-disciplined, a bit conscientious, a bit hardworking and a bit organized",2,2,4,2,4,4,4,4,4,3,4,3,4,2,3,3,3,4,3,3,3,2,4,3,4,4,2,2,4,4,3,4,4,2,3,4,4,4,2,4,3,3,4,4,4,2,3,2,2,4,4,4,4,2,4,3,3,4,2,3
"a bit happy, a bit unselfconscious, a bit easygoing, a bit emotionally stable and a bit at ease",4,4,4,4,4,4,4,4,4,4,4,3,4,2,4,4,3,2,4,4,3,3,4,4,4,4,4,3,4,4,4,4,3,4,4,4,4,4,4,4,3,4,4,4,4,4,4,3,4,4,4,4,4,2,4,4,4,3,2,4
"a bit depressed, a bit self-conscious, a bit anxious, a bit emotionally unstable and a bit nervous",4,3,3,4,4,4,3,3,4,3,4,4,4,4,3,4,4,2,4,3,3,3,4,4,4,4,4,4,5,4,4,4,4,4,4,4,4,2,4,4,4,4,4,4,4,3,4,3,4,4,4,4,2,4,4,4,4,4,4,4
"a bit contented, a bit calm, a bit relaxed, a bit unselfconscious and a bit easygoing",3,4,4,4,4,3,4,4,4,4,4,3,4,2,3,4,4,2,3,3,3,2,4,4,4,4,4,3,4,4,4,4,3,4,4,4,4,3,3,4,3,4,3,4,4,3,3,3,4,2,4,4,3,2,4,3,4,4,3,3
"a bit discontented, a bit angry, a bit tense, a bit self-conscious and a bit anxious",4,4,4,4,4,4,4,4,4,4,4,4,4,4,2,4,4,2,4,2,4,4,4,4,4,4,4,4,4,4,4,4,4,4,4,4,4,4,4,4,4,4,4,4,4,2,4,4,4,4,4,4,4,4,4,4,4,4,4,4
"a bit contented, a bit emotionally stable, a bit easygoing, a bit relaxed and a bit at ease",3,4,4,4,4,4,4,4,4,4,4,3,4,3,3,4,4,3,3,4,3,2,4,4,4,4,4,3,4,4,4,4,4,4,4,4,4,3,4,4,3,3,4,4,4,3,4,3,4,4,4,4,3,2,4,4,4,4,4,3
"a bit discontented, a bit emotionally unstable, a bit anxious, a bit tense and a bit nervous",2,2,4,4,4,4,3,4,4,3,4,4,4,4,2,4,4,2,4,2,4,4,4,4,4,4,2,4,4,4,4,4,2,4,4,4,4,2,4,4,4,4,4,4,4,2,4,4,4,4,4,4,2,4,4,4,4,4,4,2
"a bit relaxed, a bit patient, a bit easygoing, a bit contented and a bit at ease",3,4,4,4,4,3,4,4,4,4,4,3,4,3,3,4,4,2,4,3,3,3,4,4,4,4,4,3,4,4,4,4,3,4,4,4,4,3,4,4,3,4,3,4,4,3,4,3,4,4,4,4,3,2,4,4,4,4,3,3
"a bit tense, a bit irritable, a bit anxious, a bit discontented and a bit nervous",2,2,4,4,4,4,2,4,4,2,4,4,2,4,2,4,4,2,4,2,2,4,4,2,4,4,2,4,4,4,4,2,2,4,3,4,4,2,4,4,4,4,2,4,4,2,4,3,4,4,4,2,2,4,4,4,2,4,4,2
"a bit happy, a bit at ease, a bit relaxed, a bit contented and a bit patient",3,4,4,4,4,4,4,4,4,4,4,3,4,3,3,4,4,3,4,3,3,3,4,4,4,4,4,4,4,4,4,4,3,4,4,4,4,3,4,4,4,4,3,4,4,3,4,3,4,4,4,4,4,4,4,4,4,4,3,3
"a bit depressed, a bit nervous, a bit tense, a bit discontented and a bit irritable",4,2,4,4,4,4,2,4,4,3,4,4,4,4,2,4,4,2,4,2,4,4,4,4,4,4,4,4,4,4,4,4,2,4,3,4,4,2,4,4,4,4,2,4,4,2,4,4,4,4,4,2,2,4,4,4,4,4,4,2
"a bit happy, a bit easygoing, a bit contented, a bit patient and a bit emotionally stable",3,4,4,4,4,3,4,4,4,3,4,3,4,2,3,3,4,3,3,3,3,2,4,4,4,4,4,2,4,4,3,4,3,4,4,4,2,3,4,3,3,3,4,4,4,3,4,2,4,4,4,4,3,2,4,4,4,3,2,3
"a bit depressed, a bit anxious, a bit discontented, a bit irritable and a bit emotionally unstable",4,2,4,4,4,4,2,4,4,3,4,4,4,4,2,4,4,2,4,2,4,4,4,4,4,4,4,4,5,4,4,4,4,4,4,4,4,4,4,3,4,4,4,4,4,2,4,4,4,4,4,4,3,4,4,4,4,4,4,4
"a bit easygoing, a bit contented, a bit calm, a bit at ease and a bit happy",3,4,4,4,4,3,4,4,4,3,4,3,4,2,3,4,4,2,3,3,3,2,4,4,4,4,4,4,4,4,4,4,3,4,4,4,4,3,4,3,2,3,3,4,4,3,4,3,4,4,4,4,3,2,4,4,4,3,2,3
"a bit anxious, a bit discontented, a bit angry, a bit nervous and a bit depressed",2,2,3,4,4,4,2,4,4,2,4,4,2,4,2,4,4,2,4,2,4,4,4,2,4,4,4,4,4,4,4,2,2,4,3,4,4,2,4,4,4,4,2,4,4,2,4,4,4,4,4,2,2,4,4,4,4,4,4,4
"a bit unimaginative, a bit emotionally closed, a bit unaesthetic, a bit predictable and a bit unreflective",2,2,3,3,4,2,3,3,4,2,4,4,4,3,2,4,4,4,3,2,3,2,4,2,4,3,2,4,4,4,4,3,4,4,2,4,3,4,2,2,2,3,3,4,4,2,4,3,4,4,4,4,3,2,4,2,3,3,2,2
"a bit imaginative, a bit emotionally aware, a bit aesthetic, a bit spontaneous and a bit reflective",2,4,4,3,4,3,4,3,4,4,4,3,2,4,4,3,4,2,4,4,3,2,4,4,4,4,4,3,3,4,3,4,3,4,4,4,4,2,4,4,3,3,3,4,4,3,4,3,4,4,4,3,3,2,4,4,4,4,4,4
"a bit unaesthetic, a bit emotionally closed, a bit unintelligent, a bit socially conservative and a bit uninquisitive",2,2,3,2,4,2,3,3,2,2,4,3,3,3,2,3,2,3,3,2,3,2,3,2,4,3,2,3,2,3,3,3,3,3,2,4,3,3,2,2,2,3,3,2,4,2,4,3,4,2,4,3,3,2,4,2,3,3,2,2
"a bit aesthetic, a bit emotionally aware, a bit intelligent, a bit socially progressive and a bit curious",3,4,4,3,4,4,4,4,4,5,4,3,3,4,4,3,3,3,4,4,3,3,4,4,4,4,4,3,3,4,4,4,3,4,4,4,4,3,3,4,3,3,3,4,4,3,4,3,4,4,3,4,4,2,4,4,4,4,3,4
"a bit socially conservative, a bit uncreative, a bit artistically unappreciative, a bit unimaginative and a bit emotionally closed",1,2,3,2,4,2,4,3,4,2,4,4,4,3,2,4,4,4,4,2,3,2,4,2,4,4,2,3,4,4,4,3,4,4,2,4,4,4,2,2,2,4,4,4,4,2,4,4,4,4,4,4,4,2,4,2,2,2,2,2
"a bit socially progressive, a bit creative, a bit artistically appreciative, a bit imaginative and a bit emotionally aware",2,4,4,4,4,3,4,4,4,4,4,2,2,4,4,2,4,2,4,4,2,2,4,4,4,4,4,4,4,4,4,4,2,4,4,4,4,2,4,4,3,4,2,4,4,3,4,2,4,4,2,4,4,2,4,4,4,4,4,4
"a bit socially conservative, a bit uncreative, a bit emotionally closed, a bit predictable and a bit unaesthetic",1,2,2,2,4,2,4,4,3,2,4,4,4,2,2,4,4,4,4,2,2,2,4,2,4,4,2,2,4,4,4,3,4,4,2,4,2,4,2,2,2,4,4,4,4,2,4,2,4,4,4,4,4,2,4,2,3,2,2,2
"a bit socially progressive, a bit creative, a bit emotionally aware, a bit spontaneous and a bit aesthetic",2,4,3,3,4,3,4,4,4,4,4,2,2,3,4,2,2,2,4,4,2,2,4,4,4,4,4,2,3,4,2,4,2,4,4,4,4,2,4,4,3,3,2,4,4,3,4,2,4,4,2,2,3,2,4,4,4,4,4,4
"a bit unintelligent, a bit unaesthetic, a bit uncreative, a bit unsophisticated and a bit unimaginative",2,2,4,3,4,3,3,3,2,2,3,3,3,3,2,3,2,2,3,2,2,2,3,2,4,3,3,4,3,4,3,3,2,4,2,3,4,3,3,2,2,3,3,3,4,4,3,4,4,2,4,3,3,2,4,3,3,3,3,2
"a bit intelligent, a bit aesthetic, a bit creative, a bit sophisticated and a bit imaginative",3,4,4,4,4,4,4,4,4,4,4,3,3,4,4,4,4,2,4,4,3,3,4,4,4,4,4,4,4,4,4,4,4,4,4,4,4,3,4,4,4,4,3,4,4,4,4,3,4,4,4,4,4,2,4,4,4,4,4,4
"a bit unanalytical, a bit emotionally closed, a bit unimaginative, a bit socially conservative and a bit artistically unappreciative",2,2,3,2,4,2,3,3,2,2,4,3,3,3,2,3,2,2,4,2,2,2,3,2,4,3,2,3,2,4,4,2,3,3,2,4,2,2,2,2,2,3,2,2,4,2,4,2,4,4,4,4,3,2,4,2,2,2,2,2
"a bit analytical, a bit emotionally aware, a bit imaginative, a bit socially progressive and a bit artistically appreciative",2,4,4,3,4,4,4,4,4,4,4,3,3,3,4,4,2,2,4,4,3,2,4,4,4,4,4,2,3,4,4,4,3,4,4,4,4,3,4,4,3,4,3,4,4,3,4,3,4,4,4,4,4,2,4,4,4,4,3,4
"a bit unaesthetic, a bit artistically unappreciative, a bit uncreative, a bit predictable and a bit unimaginative",2,2,4,4,4,3,4,4,4,2,4,4,4,3,2,3,4,4,4,4,3,2,4,2,4,3,2,4,4,4,4,4,4,4,4,4,4,4,2,4,2,3,4,4,4,4,4,3,4,4,4,4,3,2,4,2,2,3,3,4
"a bit aesthetic, a bit artistically appreciative, a bit creative, a bit spontaneous and a bit imaginative",2,3,4,2,4,3,4,4,4,4,4,2,2,4,4,2,4,2,4,5,2,2,4,3,4,4,3,2,3,4,4,3,2,4,4,4,4,2,3,4,4,3,2,4,4,2,2,2,4,4,2,2,3,2,4,4,4,4,4,4
"neither silent nor talkative, neither inactive nor active, neither timid nor bold, neither unassertive nor assertive, and neither introverted nor extraverted",3,3,3,3,3,3,4,3,3,3,3,3,3,3,3,3,3,3,3,3,3,3,3,3,3,3,3,3,3,3,3,3,3,3,3,3,3,3,3,4,3,3,3,3,3,3,3,3,4,3,3,3,4,3,3,3,3,3,3,3
"neither gloomy nor cheerful, neither inactive nor active, neither timid nor bold, neither unassertive nor assertive, and neither unadventurous nor adventurous and daring",3,3,3,3,3,3,3,3,3,3,3,3,3,3,3,3,3,3,3,3,3,3,3,3,3,3,3,3,3,3,3,3,3,3,3,3,3,3,3,3,3,3,3,3,3,3,3,3,3,2,3,3,3,2,3,3,3,3,3,3
"neither unassertive nor assertive, neither gloomy nor cheerful, neither unadventurous nor adventurous and daring, neither unenergetic nor energetic, and neither introverted nor extraverted",3,3,3,3,3,3,3,3,3,3,3,3,3,3,3,3,3,3,3,3,3,3,3,3,3,3,3,3,3,3,3,3,3,3,3,3,3,3,3,3,3,3,3,3,3,3,3,3,3,3,3,3,3,3,3,3,3,3,3,3
"neither silent nor talkative, neither unfriendly nor friendly, neither unassertive nor assertive, neither gloomy nor cheerful, and neither unadventurous nor adventurous and daring",2,3,3,3,3,3,3,3,3,3,3,3,3,3,3,3,3,3,3,3,3,3,3,3,3,3,3,3,3,3,3,3,3,3,3,3,3,3,3,3,3,3,3,3,3,3,3,3,3,3,3,3,3,3,3,3,3,3,3,3
"neither stingy nor generous, neither selfish nor unselfish, neither dishonest nor honest, neither self-important nor humble, and neither distrustful nor trustful",3,3,3,3,3,3,3,3,3,3,3,2,3,3,3,3,3,3,3,3,3,3,3,3,3,3,3,3,3,3,3,3,3,3,3,3,3,3,3,3,3,2,3,3,3,3,3,3,3,3,3,3,3,3,3,3,3,3,3,3
"neither selfish nor unselfish, neither stingy nor generous, neither dishonest nor honest, neither unaltruistic nor altruistic, and neither unkind nor kind",3,3,3,3,3,3,3,3,3,4,3,3,3,3,3,3,3,3,3,3,3,3,3,3,3,3,3,4,3,3,3,3,3,3,3,3,3,3,3,3,3,3,3,3,3,3,3,3,3,3,3,3,4,3,3,3,3,3,3,3
"neither selfish nor unselfish, neither unsympathetic nor sympathetic, neither self-important nor humble, neither uncooperative nor cooperative, and neither distrustful nor trustful",3,3,3,3,3,3,3,3,3,3,3,3,3,3,3,3,2,3,3,3,3,3,3,3,3,3,3,3,3,3,3,3,3,3,3,3,3,3,3,3,3,2,3,3,3,3,3,3,3,3,3,3,3,3,3,3,3,3,3,3
"neither uncooperative nor cooperative, neither unkind nor kind, neither self-important nor humble, neither disagreeable nor agreeable, and neither unsympathetic nor sympathetic",3,2,3,3,3,3,3,3,3,3,3,3,3,3,3,3,3,3,3,3,3,3,3,3,3,3,3,3,3,3,3,3,3,3,3,3,3,3,3,3,3,3,3,3,3,3,3,3,3,3,3,3,3,3,3,3,3,3,3,3
"neither lazy nor hardworking, neither irresponsible nor responsible, neither undisciplined nor self-disciplined, neither careless nor thorough, and neither negligent nor conscientious",3,3,3,3,3,3,3,3,3,3,3,3,3,3,3,3,3,3,3,3,3,3,3,3,3,3,3,3,3,3,3,3,3,3,3,3,3,3,3,3,3,3,3,3,3,3,3,3,3,3,3,3,3,3,3,3,3,3,3,3
"neither irresponsible nor responsible, neither lazy nor hardworking, neither undisciplined nor self-disciplined, neither impractical nor practical, and neither unsure nor self-efficacious",3,3,3,3,3,3,3,3,3,3,3,3,3,3,3,3,3,3,3,3,3,3,3,3,3,3,3,3,3,3,3,3,3,3,3,3,3,3,3,3,3,3,3,3,3,3,3,3,3,3,3,3,3,3,3,3,3,3,3,3
"neither undisciplined nor self-disciplined, neither impractical nor practical, neither extravagant nor thrifty, neither careless nor thorough, and neither negligent nor conscientious",3,3,3,3,3,3,3,3,3,3,3,3,3,3,3,3,3,3,3,3,3,3,3,3,3,3,3,3,3,3,3,3,3,3,3,3,3,3,3,3,3,3,3,3,3,3,3,3,3,3,3,3,4,3,3,3,3,3,3,3
"neither messy nor orderly, neither disorganized nor organized, neither irresponsible nor responsible, neither impractical nor practical, and neither negligent nor conscientious",3,3,3,3,3,3,3,3,3,3,3,3,3,3,3,3,3,3,3,3,3,3,3,3,3,3,3,3,3,3,3,3,3,3,3,3,3,3,3,3,3,3,3,3,3,3,3,3,3,3,3,3,3,3,3,3,3,3,3,3
"neither easygoing nor anxious, neither relaxed nor tense, neither happy nor depressed, neither patient nor irritable, and neither level-headed nor impulsive",3,3,3,3,3,3,3,3,3,3,3,3,3,3,3,3,3,3,3,3,3,3,3,3,3,3,3,3,3,3,3,3,3,3,3,3,3,3,3,3,3,3,3,3,3,3,3,3,3,3,3,3,3,2,3,3,3,3,2,3
"neither level-headed nor impulsive, neither calm nor angry, neither emotionally stable nor emotionally unstable, neither at ease nor nervous, and neither relaxed nor tense",3,3,3,3,3,3,3,3,3,3,3,3,3,3,3,3,3,3,3,3,3,3,3,3,3,3,3,3,3,3,3,3,3,3,3,3,3,3,3,3,3,3,3,3,3,3,3,3,3,3,3,3,3,3,3,3,3,3,3,3
"neither patient nor irritable, neither easygoing nor anxious, neither happy nor depressed, neither emotionally stable nor emotionally unstable, and neither at ease nor nervous",3,3,3,3,3,3,3,3,3,3,3,3,3,3,3,3,3,3,3,3,3,3,3,3,3,3,3,3,3,3,3,3,3,3,3,3,3,3,3,3,3,3,3,3,3,3,3,3,3,3,3,3,3,2,3,3,3,3,3,3
"neither relaxed nor tense, neither unselfconscious nor self-conscious, neither emotionally stable nor emotionally unstable, neither calm nor angry, and neither level-headed nor impulsive",3,3,3,3,3,3,3,3,3,3,3,3,3,3,3,3,3,3,3,3,3,3,3,3,3,3,3,3,3,3,3,3,3,3,3,3,3,3,3,3,3,3,3,3,3,3,3,3,4,3,3,3,3,3,3,3,3,3,2,3
"neither unimaginative nor imaginative, neither unreflective nor reflective, neither predictable nor spontaneous, neither unintelligent nor intelligent, and neither uncreative nor creative",3,3,3,3,3,3,3,3,3,3,3,3,3,3,3,3,3,3,3,3,3,3,3,3,3,3,3,4,3,3,3,3,3,3,3,3,3,3,3,3,3,3,3,3,3,3,3,3,3,3,3,3,3,3,3,3,3,3,3,3
"neither unimaginative nor imaginative, neither uncreative nor creative, neither uninquisitive nor curious, neither socially conservative nor socially progressive, and neither unreflective nor reflective",3,3,3,3,3,3,4,3,3,3,3,3,3,3,3,3,3,3,3,3,3,3,3,3,3,3,3,4,3,3,3,3,3,3,3,3,3,3,3,3,3,3,3,3,3,3,3,3,3,3,3,3,4,3,3,3,3,3,3,3
"neither unsophisticated nor sophisticated, neither unreflective nor reflective, neither emotionally closed nor emotionally aware, neither uncreative nor creative, and neither artistically unappreciative nor artistically appreciative",3,3,3,3,3,3,3,3,3,3,3,3,3,3,3,3,3,3,3,3,3,3,3,3,3,3,3,3,3,3,3,3,3,3,3,3,3,3,3,3,3,3,3,3,3,3,3,3,3,3,3,3,3,3,3,3,3,3,3,3
"neither socially conservative nor socially progressive, neither predictable nor spontaneous, neither emotionally closed nor emotionally aware, neither unsophisticated nor sophisticated, and neither unaesthetic nor aesthetic",3,3,3,3,3,3,4,3,3,4,3,3,3,3,3,3,3,3,3,3,3,3,3,3,3,3,3,3,3,3,3,3,3,3,3,3,3,3,3,4,3,3,3,3,3,3,3,3,3,3,3,3,3,3,3,3,3,3,3,3
